title,id,claim,date,class,class_search,inv_country,no_figs,sheets,file_names,fig_desc,caption
Display screen or portion thereof with a graphical user interface,D0937859,"I claim the ornamental design for a display screen or portion thereof with a graphical user interface, as shown and described.",20211207,D14486,"['1404', 'D14486', 'D14486', 'D14486', 'D14485', 'D14492', 'D14494', 'D14486', 'D14492', 'D14492', 'D14488', 'D14492', 'D14487', 'D14485', 'D14485', 'D14485', 'D14492', 'D14486', 'D14489', 'D14485', 'D14486', 'D14485', 'D14490', 'D14485', 'D14485', 'D14486', 'D14485', 'D14488', 'D14486', 'D14486', 'D14486', 'D14485', 'D14485', 'D14486', 'D14488', 'D14492', 'D14486', 'D14486', 'D14485', 'D14488', 'D14488', 'D14489', 'D14489', 'D14486', '348143', '455  302', 'D14485-495']",CN,1,1,"['USD0937859-20211207-D00000.TIF', 'USD0937859-20211207-D00001.TIF']",['The FIGURE is a from view of a display screen or portion thereof with a graphical user interface showing the new design.']," The image is a square, and it displays a graphical user interface with a circular shape in the middle. The circular shape represents a moon, which is a part of the graphical user interface. The functionality of the image is to showcase the design and layout of the user interface, possibly for a mobile app or a computer program."
Garment with a side pocket,D0908314,"The ornamental design for a garment with a side pocket, as shown and described.",20210126,"D 2728, D2840","['0202', 'D 2728', 'D 2839', 'D 2829', 'D 2750', 'D 2839', 'D 2750', 'D 2857', 'D 2840', 'D 2829', 'D 2840', 'D 2840', 'D 2840', 'D 2829', 'D 2839', 'D 2840', 'D21804', '  2 93', '224153', 'D 2712', 'D 2720', 'D 2750', 'D 2831', 'D 2853', 'D 2865', 'D 2873', 'D 2874', 'D 2878', 'D 2840', 'D 2839', 'D 2857', 'D 2728', 'D21801-805']",US,7,4,"['USD0908314-20210126-D00000.TIF', 'USD0908314-20210126-D00001.TIF', 'USD0908314-20210126-D00002.TIF', 'USD0908314-20210126-D00003.TIF', 'USD0908314-20210126-D00004.TIF']","['FIG. 1 is a front left perspective view of the garment with a side pocket, showing my new design;', 'FIG. 2 is a front view thereof;', 'FIG. 3 is a rear view thereof;', 'FIG. 4 is a left side view thereof;', 'FIG. 5 is a right side view thereof;', 'FIG. 6 is a top view thereof; and,', 'FIG. 7 is a bottom view thereof.']"," The image is a square-shaped illustration of a garment with a side pocket. The functionality of the image is to showcase the design and features of the garment, such as the pocket, which can be useful for potential customers or designers to visualize the product and its details."
Quilted fabric,D0915081,"The ornamental design for a quilted fabric, as shown and described.",20210406,D 5 59,"['0505', 'D 5 59', 'D 5 99', 'D 5 53', 'D 5 62', 'D 5 63', 'D 5 62', 'D 5 61', 'D 5 47', 'D29125', '112405', 'D 5 53', '428156', '  81145', '428 81', ' 66193', 'D23309', 'D 5 53', 'D 5 53', '428159', ' 33  1 G', 'D 5 43', 'D 5 53', 'D 5 37', 'D 5 58', 'D32 40', 'D 6368', 'D 5 58', 'D25138', 'D 6582', 'D25138', 'D 5 58', '4281951', '604378', '604382', '162348', 'D 5  1', 'D 5  3', 'D 5  4', 'D 5 43', 'D 5 44', 'D 5 47', 'D 5 53', 'D 5 56', 'D 5 58', 'D 5 59', 'D 5 60', 'D 5 61', 'D 5 62', 'D 5 63', 'D 5 99', 'D 6610', 'D 6613', 'D 6616', 'D19  5', 'D20 22', 'D20 27', 'D25138', 'D32 57']",US,6,4,"['USD0915081-20210406-D00000.TIF', 'USD0915081-20210406-D00001.TIF', 'USD0915081-20210406-D00002.TIF', 'USD0915081-20210406-D00003.TIF', 'USD0915081-20210406-D00004.TIF']","['A portion of the disclosure of this patent document contains material which is or may be subject to copyright protection. The copyright owner has no objection to the facsimile reproduction by anyone of the patent document or patent disclosure, as it appears in the Patent and Trademark Office patent file or records, but otherwise reserves all copyright rights whatsoever.', 'FIG. 1 is a plan view of quilted fabric embodying the design;', 'FIG. 2 is a perspective view thereof;', 'FIG. 3 is a front edge view thereof;', 'FIG. 4 is a back edge view thereof;', 'FIG. 5 is a right side edge view thereof; and,']"," The image is a square shape, and its functionality is to showcase the pattern and design of the quilted fabric."
Display screen or portion thereof with animated graphical user interface,D0913312,"The ornamental design for a display screen or portion thereof with animated graphical user interface, as shown and described.",20210316,"D14486,D14487","['1404', 'D14486', 'D14486', 'D14485', 'D14486', 'D14488', 'D14485', 'D14485', 'D14485', 'D14486', 'D14488', 'D14485', 'D14487', 'D14486', 'D14487', '715784', '4554041', '345  11', '345  12', '345  21-  23', '345  31', '345902', '715763', '715810', '715836', '715837', '715846', '715847', '715977', 'D14485-495']","FR,FR,FR",2,2,"['USD0913312-20210316-D00000.TIF', 'USD0913312-20210316-D00001.TIF', 'USD0913312-20210316-D00002.TIF']","['FIG. 1 is a front view of a display screen or portion thereof with a first image in a sequence of an animated graphical user interface, showing the design; and,', 'FIG. 2 is a front view of the display screen or portion thereof with the second image thereof.']"," The image is a square-shaped display screen with a graphical user interface. The functionality of the image is to showcase the animated graphical user interface, which is likely part of a software or application that provides users with an interactive and visually appealing experience."
Bat,D0930094,"The ornamental design for a bat, as shown and described.",20210907,D21725,"['2102', 'D21725', '473568', 'D21725', 'D21725', '473568', '473457', '473568', 'D21725', 'D21725', 'D21725', 'D21725', 'D21725', 'D21722', 'D21725', 'D21756', 'D21725', 'D21725', 'D21725', 'D21753', 'D 8303', 'D21725', 'D21725', 'D21725', 'D21722', 'D21725', 'D21753']",CA,5,2,"['USD0930094-20210907-D00000.TIF', 'USD0930094-20210907-D00001.TIF', 'USD0930094-20210907-D00002.TIF']","['FIG. 1 is a perspective view of a bat showing my new design;', 'FIG. 2 is an elevation view thereof;', 'FIG. 3 is an enlarged fragmentary elevation view of the bottom portion of the bat;', 'FIG. 4 is a top plan view of FIG. 1 ; and,', 'FIG. 5 is a bottom plan view of FIG. 1 .']"," The image is a long, thin, and elongated shape, resembling a light saber. The functionality of the image is to represent a weapon used by Batman in the Batman comics and movies. The light saber is a fictional weapon that emits a beam of light, which can be used for various purposes, such as cutting through objects, deflecting projectiles, or even as a means of self-defense. The image serves as a visual representation of the iconic weapon used by Batman in his battles against crime and injustice."
Display screen for automobile,D0913174,"The ornamental design for a display screen for automobile, as shown and described.",20210316,D12192,"['1403', 'D12192', 'D12345', 'D14374', 'D14374', 'D12415', 'D14374', 'D12192', 'D12192', 'D12192', 'D12415', 'D12192', 'D12192', 'D12415', 'D12174', 'D12175', 'D12177', 'D12192', 'D12415', 'D14126-129', 'D14133', 'D14373', 'D14374', 'D14388', 'D14389', 'D21385']","KR,KR,KR,KR",8,8,"['USD0913174-20210316-D00000.TIF', 'USD0913174-20210316-D00001.TIF', 'USD0913174-20210316-D00002.TIF', 'USD0913174-20210316-D00003.TIF', 'USD0913174-20210316-D00004.TIF', 'USD0913174-20210316-D00005.TIF', 'USD0913174-20210316-D00006.TIF', 'USD0913174-20210316-D00007.TIF', 'USD0913174-20210316-D00008.TIF']","['1. Display screen for automobile', '1.1 : Perspective', '1.2 : Front', '1.3 : Back', '1.4 : Left', '1.5 : Top', '1.6 : Bottom', '1.7 : Reference view']"," The image is a square-shaped display screen for an automobile. Its functionality is to provide information and entertainment to the driver and passengers, such as displaying the car's speed, fuel level, temperature, and other relevant data. The display screen may also play music or videos, and it can be used to control various car systems, such as the audio system, climate control, and navigation system."
Pre-filter for water treatment system,D0921835,"The ornamental design for a pre-filter for water treatment system, as shown and described.",20210608,D23209,"['2301', 'D23209', '210457', 'D23365', 'D23209', 'D23209', 'D23209', 'D23209', 'D23209', 'D23209', 'D23365', 'D23209', 'D23209', 'D23209', 'D23209', 'D23235', 'D23341', 'D23358', 'D23363-365', 'D15  5']","US,US,US",8,7,"['USD0921835-20210608-D00000.TIF', 'USD0921835-20210608-D00001.TIF', 'USD0921835-20210608-D00002.TIF', 'USD0921835-20210608-D00003.TIF', 'USD0921835-20210608-D00004.TIF', 'USD0921835-20210608-D00005.TIF', 'USD0921835-20210608-D00006.TIF', 'USD0921835-20210608-D00007.TIF']","['FIG. 1 is a top, front perspective view of the pre-filter for water treatment system;', 'FIG. 2 is a front view thereof;', 'FIG. 3 is a rear view thereof;', 'FIG. 4 is a right side view thereof;', 'FIG. 5 is a left side view thereof;', 'FIG. 6 is a top view thereof;', 'FIG. 7 is a bottom view thereof; and,', 'FIG. 8 is a bottom, rear perspective view thereof.']"," The image is a cylindrical shape, and it serves as a pre-filter for a water treatment system. The pre-filter is designed to remove impurities and sediments from the water before it enters the main filtration system. This helps to ensure that the water is clean and safe for consumption."
Shoe,D0917867,"The ornamental design for a shoe, as shown and described.",20210504,"D 2977, D2969","['0204', 'D 2977', 'D 2902', 'D 2902', 'D 2969', 'D 2970', 'D 2969', 'D 2970', 'D 2969', 'D 2969', 'D 2969', 'D 2969', 'D 2969', 'D 2969', 'D 2969', 'D 2969', 'D 2971', 'D 2969', 'D 2923', 'D 2969', 'D 2970', 'D 2969', 'D 2969', 'D 2969', 'D 2969', 'D 2969', 'D 2972', 'D 2969', 'D 2969', 'D 2969', 'D 2969', 'D 2944', 'D 2902', 'D 2939', 'D 2896', 'D 2900', 'D 2902', 'D 2904', 'D 2906-908', 'D 2916-924', 'D 2925-945', 'D 2969', 'D 2970-979', ' 36  15', ' 36  3 A', ' 36 83', ' 36 45', ' 36 99', ' 36101', ' 36112-116', ' 36136']",US,5,5,"['USD0917867-20210504-D00000.TIF', 'USD0917867-20210504-D00001.TIF', 'USD0917867-20210504-D00002.TIF', 'USD0917867-20210504-D00003.TIF', 'USD0917867-20210504-D00004.TIF', 'USD0917867-20210504-D00005.TIF']","['FIG. 1 is a front perspective view of a shoe showing my new design;', 'FIG. 2 is a side view thereof;', 'FIG. 3 is an opposite side view thereof;', 'FIG. 4 is an opposite side front perspective view thereof; and,', 'FIG. 5 is a top view thereof.']"," The image is a white outline of a shoe, which is a simple and minimalist representation of the object. The functionality of the image is to provide a visual representation of a shoe without the need for color or additional details. This type of image can be used for various purposes, such as in a design, illustration, or educational context, where the focus is on the shape and form of the shoe rather than its color or texture."
Wheel,D0929296,"The ornamental design for a wheel, as shown and described.",20210831,D12209,"['1216', 'D12209', 'D12209', 'D12209', 'D12209', 'D12209', 'D12211', 'D12211', 'D12211', 'D12209', 'D12211', 'D12209', 'D12209', 'D12211', 'D12209', 'D12209', 'D12209', 'D12211', 'D12211', 'D12209', 'D12209', 'D12209', 'D12209', 'D12209', 'D12209', 'D12209', 'D12209', 'D12211', 'D12211', 'D12211', 'D12209', 'D12209', 'D12211', 'D12209', 'D12209', 'D12204-213', 'D21563']",US,2,2,"['USD0929296-20210831-D00000.TIF', 'USD0929296-20210831-D00001.TIF', 'USD0929296-20210831-D00002.TIF']","['FIG. 1 is a perspective view of a wheel showing my new design; and,', 'FIG. 2 is a front view thereof.']"," The image is a black and white drawing of a wheel, which is a part of a vehicle. The wheel is designed to support the weight of the vehicle and allow it to move smoothly on the road. The image shows the wheel in a cross-sectional view, which allows us to see its internal structure and components, such as the hub, spokes, and rim. This type of drawing can be useful for understanding the design and functioning of wheels, as well as for educational purposes or for engineers and designers working on vehicle components."
Game housing and game pieces,D0911448,"The ornamental design for a game housing and game pieces, as shown and described.",20210223,"D21335,D21342","['2101', 'D21335', 'D19103', '273153 R', 'D 7590', '2064595', '249 18', 'D21335', 'D21335', 'D21335', 'D 75535', 'D 7611', 'D21342', 'D21366', 'D 7611', 'D21366', 'D 7611', 'D 75538', 'D19 92', 'D 7611', '206509', 'D 7611', 'D21345', 'D21335', 'D19103', ' 62382', '273272', 'D21336', 'D24230', 'D21336', '209522', '206  17', 'D 75535', 'D21336', 'D 7611', ' 522237', 'D 3313', 'D 3313', 'D19 59', 'D10 461', 'D21336', 'D21336', '273271', 'D21336', 'D21345', '206575', 'D21336', '273243', '403306', 'D19 77', 'D21336', 'D24230', 'D 7549', 'D 6514', 'D19 77', '273248', '273281', 'D 6571', 'D24181', 'D24226', 'D24226', 'D21341', 'D 75535', 'D 3311', '215250', '273236', '273271', 'D21336', '273236', 'D21338', 'D19103', 'D 7693', 'D21336', 'D24230', 'D21336', 'D21342', '273148 R', 'D 9758', 'D 9758', 'D 7541', '273153 S', 'D19 75', 'D 9425', 'D21336', 'D32 55', 'D19 75', 'D21341', '220507', 'D10 461', '116200', 'D 6569', 'D21335', 'D21335', '273281', 'D12419', 'D21336', '273272', 'D13119', 'D19 75', '2972161', '273150', 'D19 75', 'D 6552', 'D19103', 'D 3313', 'D19 78', '206  3', '273288', 'D12419', 'D 75535', 'D 7549', 'D 32033', 'D 75532', 'D19103', 'D21336', 'D 75532', 'D 9436', 'D19103', 'D 3313', 'D 3284', '273272', 'D24224', 'D 3313', '600556', 'D 3313', 'D19 75', 'D19 75', 'D19 75', 'D21337', 'D24216', 'D 3201', 'D21336', 'D21336', 'D 75531', 'D19103', 'D21335', '273281', 'D 6552', 'D 3311', 'D21335', 'D21335', 'D 3315', 'D 3 20', 'D21335', 'D 3313', 'D 66822', 'D21336', '362231', 'D21337', 'D21478', '273236', 'D21346', 'D21341', 'D21335', 'D21335', 'D 6629', 'D24230', 'D 3304', 'D24230', 'D19106', 'D 3313', 'D 64066', 'D21335', 'D 6382', 'D 6705', 'D 7706', '273283', 'D 3313', 'D21342', 'D 6300', 'D11178', 'D21335', 'D21365', 'D 9737', 'D 7590', 'D 75535', '220508', 'D 9737', '108 5012', 'D19106', 'D 75532', 'D 9737', 'D 75532', 'D 76001', 'D 7402', 'D24230', 'D24230', 'D 6675', 'D24230', 'D24226', 'D 76001', 'D 66822', 'D27183', 'D 75532', 'D 7611', 'D 66822', 'D 7701', 'D 75532', 'D 76001', 'D 76001', 'D 75532', 'D 9425', 'D 9737', 'D21336', 'D 7701', 'D 7701', 'D15140', 'D 66824', 'D 9757', 'D24230', 'D24230', 'D 9436', 'D 7391', 'D27186', 'D 75535', 'D 7611', 'D24230', 'D 9760', 'D 7391', 'D24227', 'D 9432', 'D21342', 'D21337', 'D21343', 'D 4134', 'D 9436', 'D21342', 'D21342', 'D21468', '273271', '273281', '368206', '206557', 'D21334', 'D21335-342', 'D21355-359', 'D21365', 'D21318', 'D21397', 'D21351', 'D21385', 'D21386', 'D21389', 'D21404', 'D21478', 'D21479', 'D21483-486', 'D21489-491', 'D21493', 'D21494', 'D21497', 'D21499', 'D21507', 'D21510', 'D21511', 'D21561', 'D21627', '273241', '273242', '273244-247', '273259', '273275-277', '273281', '2732821-2823', '273284-287', '2733173', '2731081', '2731085', '273118 D', '273236-240', '273283', '273309', '273441', '273461', 'D 64061', 'D 64063', 'D 64064', 'D 64066', 'D19 86', 'D19 92', 'D19 95', 'D19 87', 'D19113', 'D19 75', 'D19 77', 'D19 78', 'D19 80', '108 14', '108 62', '108 43', '108 67', '434416', '434247', '434248', '434251', '434408', '434413', '434145', '434430']","BE,GB",57,57,"['USD0911448-20210223-D00000.TIF', 'USD0911448-20210223-D00001.TIF', 'USD0911448-20210223-D00002.TIF', 'USD0911448-20210223-D00003.TIF', 'USD0911448-20210223-D00004.TIF', 'USD0911448-20210223-D00005.TIF', 'USD0911448-20210223-D00006.TIF', 'USD0911448-20210223-D00007.TIF', 'USD0911448-20210223-D00008.TIF', 'USD0911448-20210223-D00009.TIF', 'USD0911448-20210223-D00010.TIF', 'USD0911448-20210223-D00011.TIF', 'USD0911448-20210223-D00012.TIF', 'USD0911448-20210223-D00013.TIF', 'USD0911448-20210223-D00014.TIF', 'USD0911448-20210223-D00015.TIF', 'USD0911448-20210223-D00016.TIF', 'USD0911448-20210223-D00017.TIF', 'USD0911448-20210223-D00018.TIF', 'USD0911448-20210223-D00019.TIF', 'USD0911448-20210223-D00020.TIF', 'USD0911448-20210223-D00021.TIF', 'USD0911448-20210223-D00022.TIF', 'USD0911448-20210223-D00023.TIF', 'USD0911448-20210223-D00024.TIF', 'USD0911448-20210223-D00025.TIF', 'USD0911448-20210223-D00026.TIF', 'USD0911448-20210223-D00027.TIF', 'USD0911448-20210223-D00028.TIF', 'USD0911448-20210223-D00029.TIF', 'USD0911448-20210223-D00030.TIF', 'USD0911448-20210223-D00031.TIF', 'USD0911448-20210223-D00032.TIF', 'USD0911448-20210223-D00033.TIF', 'USD0911448-20210223-D00034.TIF', 'USD0911448-20210223-D00035.TIF', 'USD0911448-20210223-D00036.TIF', 'USD0911448-20210223-D00037.TIF', 'USD0911448-20210223-D00038.TIF', 'USD0911448-20210223-D00039.TIF', 'USD0911448-20210223-D00040.TIF', 'USD0911448-20210223-D00041.TIF', 'USD0911448-20210223-D00042.TIF', 'USD0911448-20210223-D00043.TIF', 'USD0911448-20210223-D00044.TIF', 'USD0911448-20210223-D00045.TIF', 'USD0911448-20210223-D00046.TIF', 'USD0911448-20210223-D00047.TIF', 'USD0911448-20210223-D00048.TIF', 'USD0911448-20210223-D00049.TIF', 'USD0911448-20210223-D00050.TIF', 'USD0911448-20210223-D00051.TIF', 'USD0911448-20210223-D00052.TIF', 'USD0911448-20210223-D00053.TIF', 'USD0911448-20210223-D00054.TIF', 'USD0911448-20210223-D00055.TIF', 'USD0911448-20210223-D00056.TIF', 'USD0911448-20210223-D00057.TIF']","['FIG. 1 is a top perspective view of a game housing and game pieces in accordance with the present design;', 'FIG. 2 is a top perspective view of the game housing shown separately from the game pieces for clarity of illustration;', 'FIG. 3 is a front elevational of the game housing of FIG. 2 ;', 'FIG. 4 is a rear elevational of the game housing of FIG. 2 ;', 'FIG. 5 is a left side view of the game housing of FIG. 2 ;', 'FIG. 6 is a right side view of the game housing of FIG. 2 ;', 'FIG. 7 is a top view of the game housing of FIG. 2 ;', 'FIG. 8 is a bottom view of the game housing of FIG. 2 ;', 'FIG. 9 is a top perspective view of a game piece, shown separately for clarity of illustration;', 'FIG. 10 is a front elevational view of the game piece of FIG. 9 ;', 'FIG. 11 is a rear elevational view of the game piece of FIG. 9 ;', 'FIG. 12 is a left side view of the game piece of FIG. 9 ;', 'FIG. 13 is a right side view of the game piece of FIG. 9 ;', 'FIG. 14 is a top view of the game piece of FIG. 9 ;', 'FIG. 15 is a bottom view of the game piece of FIG. 9 ;', 'FIG. 16 is a top perspective view of a game piece, shown separately for clarity of illustration;', 'FIG. 17 is a front elevational view of the game piece of FIG. 16 ;', 'FIG. 18 is a rear elevational view of the game piece of FIG. 16 ;', 'FIG. 19 is a right side view of the game piece of FIG. 16 ;', 'FIG. 20 is a left side view of the game piece of FIG. 16 ;', 'FIG. 21 is a top view of the game piece of FIG. 16 ;', 'FIG. 22 is a bottom view of the game piece of FIG. 16 ;', 'FIG. 23 is a top perspective view of a game piece, shown separately for clarity of illustration;', 'FIG. 24 is a front elevational view of the game piece of FIG. 23 ;', 'FIG. 25 is a rear elevational view of the game piece of FIG. 23 ;', 'FIG. 26 is a left side view of the game piece of FIG. 23 ;', 'FIG. 27 is a right side view of the game piece of FIG. 23 ;', 'FIG. 28 is a top view of the game piece of FIG. 23 ;', 'FIG. 29 is a bottom view of the game piece of FIG. 23 ;', 'FIG. 30 is a top perspective view of a game piece, shown separately for clarity of illustration;', 'FIG. 31 is a front elevational view of the game piece of FIG. 30 ;', 'FIG. 32 is a rear elevational view of the game piece of FIG. 30 ;', 'FIG. 33 is a left side view of the game piece of FIG. 30 ;', 'FIG. 34 is a right side view of the game piece of FIG. 30 ;', 'FIG. 35 is a top view of the game piece of FIG. 30 ;', 'FIG. 36 is a bottom view of the game piece of FIG. 30 ;', 'FIG. 37 is a top perspective view of a game piece, shown separately for clarity of illustration;', 'FIG. 38 is a left side view of the game piece of FIG. 37 ;', 'FIG. 39 is a right side view of the game piece of FIG. 37 ;', 'FIG. 40 is a front elevational view of the game piece of FIG. 37 ;', 'FIG. 41 is a rear elevational view of the game piece of FIG. 37 ;', 'FIG. 42 is a top view of the game piece of FIG. 37 ;', 'FIG. 43 is a bottom view of the game piece of FIG. 37 ;', 'FIG. 44 is a top perspective view of a game piece, shown separately for clarity of illustration;', 'FIG. 45 is a left side view of the game piece of FIG. 44 ;', 'FIG. 46 is a right side view of the game piece of FIG. 44 ;', 'FIG. 47 is a front elevational view of the game piece of FIG. 44 ;', 'FIG. 48 is a rear elevational view of the game piece of FIG. 44 ;', 'FIG. 49 is a top view of the game piece of FIG. 44 ;', 'FIG. 50 is a bottom view of the game piece of FIG. 44 ;', 'FIG. 51 is a top perspective view of a game piece, shown separately for clarity of illustration;', 'FIG. 52 is a left side view of the game piece of FIG. 51 ;', 'FIG. 53 is a right side view of the game piece of FIG. 51 ;', 'FIG. 54 is a front elevational view of the game piece of FIG. 51 ;', 'FIG. 55 is a rear elevational view of the game piece of FIG. 51 ;', 'FIG. 56 is a top view of the game piece of FIG. 51 ; and,', 'FIG. 57 is a bottom view of the game piece of FIG. 51 .']"," The image is a square shape, and it serves the purpose of showcasing the housing for game pieces and the game pieces themselves. The image is a close-up view of the game pieces, which are shaped like stars, and the housing that holds them. This visual representation provides an understanding of the design and organization of the game components."
Tool handle,D0939222,"The ornamental design for a tool handle, as shown and described.",20211228,"D 4138,D30159","['0499', 'D 4138', 'D 8 80', 'D 8107', 'D 8107', 'D 8107', 'D30159', 'D 8107', 'D 8107', 'D19173', 'D19171', 'D 4138', 'D 4138', 'D19108', 'D 8303', 'D 8 14', 'D 8107', 'D 8300', 'D 8303', 'D 4132', 'D 4133', 'D 4134', 'D 4135', 'D 4136', 'D 4138', 'D 7395', 'D30158', 'D30159', 'D24133']","US,US,US,US,TW",7,5,"['USD0939222-20211228-D00000.TIF', 'USD0939222-20211228-D00001.TIF', 'USD0939222-20211228-D00002.TIF', 'USD0939222-20211228-D00003.TIF', 'USD0939222-20211228-D00004.TIF', 'USD0939222-20211228-D00005.TIF']","['FIG. 1 is a top perspective view of the present tool handle;', 'FIG. 2 is a left side view of the tool handle of FIG. 1 ;', 'FIG. 3 is a right side view of the tool handle of FIG. 1 ;', 'FIG. 4 is front view of the tool handle of FIG. 1 ;', 'FIG. 5 is a rear view of the tool handle of FIG. 1 ;', 'FIG. 6 is a top of the tool handle of FIG. 1 ; and,', 'FIG. 7 is a bottom view of the tool handle of FIG. 1 .']"," The image is a white outline of a tool handle, which is a brush. The shape of the image is rectangular, and its functionality is to provide a comfortable grip for the user while using the brush."
Belt buckle,D0915935,"The ornamental design for a belt buckle, as shown and described.",20210413,D11231,"['0207', 'D11231', 'D11208', 'D11218', 'D11218', 'D11212', 'D11234', 'D11 87', 'D11208', 'D11231', 'D11231', 'D11231', 'D11231', 'D11200', 'D11202', 'D11204', 'D11206', 'D11208', 'D11209', 'D11210', 'D11212', 'D11218-219', 'D11230-231', 'D11232', 'D 8349']",FR,7,7,"['USD0915935-20210413-D00000.TIF', 'USD0915935-20210413-D00001.TIF', 'USD0915935-20210413-D00002.TIF', 'USD0915935-20210413-D00003.TIF', 'USD0915935-20210413-D00004.TIF', 'USD0915935-20210413-D00005.TIF', 'USD0915935-20210413-D00006.TIF', 'USD0915935-20210413-D00007.TIF']","['1. Belt buckle', '1.1 : Perspective', '1.2 : Front', '1.3 : Back', '1.4 : Right', '1.5 : Left', '1.6 : Top']"," The image is a black and white drawing of a chain link belt buckle. The buckle is designed to hold the belt in place and secure it around the waist. The chain link pattern adds a stylish and durable touch to the belt buckle, making it a functional and fashionable accessory."
Dental abutment,D0928323,"The ornamental design for a dental abutment, as shown and described.",20210817,D24156,"['2402', 'D24156', '433173', '433173', '433173', 'D24156', 'D24156', 'D24156', 'D24156', '433173', '433174', '433172', '433174', 'D24155-157', '433172-174']",CH,7,7,"['USD0928323-20210817-D00000.TIF', 'USD0928323-20210817-D00001.TIF', 'USD0928323-20210817-D00002.TIF', 'USD0928323-20210817-D00003.TIF', 'USD0928323-20210817-D00004.TIF', 'USD0928323-20210817-D00005.TIF', 'USD0928323-20210817-D00006.TIF', 'USD0928323-20210817-D00007.TIF']","['FIG. 1 is a left side view of a dental abutment showing my new design.', 'FIG. 2 is a rear view thereof.', 'FIG. 3 is a right side view thereof.', 'FIG. 4 a perspective view thereof.', 'FIG. 5 is a top view thereof.', 'FIG. 6 is a front thereof; and,', 'FIG. 7 is a bottom view thereof.']"," The image is a cylindrical shape, and it serves as a dental abutment, which is a component used in dental implant procedures. Dental abutments are typically made of metal and are attached to the implant fixture to provide a stable support for the dental crown. They help to transfer the forces of biting and chewing from the crown to the jawbone, ensuring a secure and long-lasting restoration."
Shoe,D0923318,"The ornamental design for a shoe, as shown and described.",20210629,D 2972,"['0204', 'D 2972', 'D 2969', 'D 2972', 'D 2973', 'D 2972', 'D 2972', 'D 2972', 'D 2972', 'D 2972', 'D 2972', 'D 2969', 'D 2969', 'D 2972', 'D 2902', 'D 2972', 'D 2972', 'D 2907', 'D 2969', 'D 2972', 'D 2973', 'D 2947', 'D 2969', 'D 2972', 'D 2969', 'D 2947', 'D 2947', 'D 2908', 'D 2908', 'D 2969', 'D 2969', 'D 2972', 'D 2973', 'D 2972', 'D 2972', 'D 2907', 'D 2908', 'D 2973', 'D 2896', 'D 2900', 'D 2902', 'D 2904', 'D 2906-908', 'D 2916-924', 'D 2925-945', 'D 2969', 'D 2970-979', ' 36  15', ' 36  3 A', ' 36 83', ' 36 45', ' 36 99', ' 36101', ' 36112-116', ' 36136']","US,US",5,5,"['USD0923318-20210629-D00000.TIF', 'USD0923318-20210629-D00001.TIF', 'USD0923318-20210629-D00002.TIF', 'USD0923318-20210629-D00003.TIF', 'USD0923318-20210629-D00004.TIF', 'USD0923318-20210629-D00005.TIF']","['FIG. 1 is a side view of a shoe showing our new design;', 'FIG. 2 is a rear perspective view thereof;', 'FIG. 3 is a rear view thereof;', 'FIG. 4 is an opposite side rear perspective view thereof; and,', 'FIG. 5 is an opposite side view thereof.']"," The image is a white outline of a shoe, which serves as a visual representation of the shoe's shape and design. The outline is a black and white drawing, providing a clear and simple representation of the shoe's form. This type of image can be useful for various purposes, such as showcasing the shoe's design, creating a template for manufacturing, or using it as a reference for artists and designers."
Heat dissipating device for batteries or electric devices,D0927435,"The ornamental design for a heat dissipating device for batteries or electric devices, as shown and described.",20210810,D13179,"['1303', 'D13179', '439736', '165 68', '165 803', '361709', '165 47', '307116', 'D13126', '429 98', '174561', '361720', 'D13160', 'D13179', '361690', '257678', '315195', '429120', 'D13179', 'D13179', 'D13184', 'D13179', '165185', 'D13180', 'D13179', '257100', 'D13179', 'D13179', 'D13179', 'D13179', '165 803', 'D13179', '174 66', 'D13179', 'D13179', 'D13179', '429 99', 'D13179', 'D13110', 'D13180', 'D13184', 'D13160', 'D13126']","JP,JP,DE,DE,DE,DE,DE",9,9,"['USD0927435-20210810-D00000.TIF', 'USD0927435-20210810-D00001.TIF', 'USD0927435-20210810-D00002.TIF', 'USD0927435-20210810-D00003.TIF', 'USD0927435-20210810-D00004.TIF', 'USD0927435-20210810-D00005.TIF', 'USD0927435-20210810-D00006.TIF', 'USD0927435-20210810-D00007.TIF', 'USD0927435-20210810-D00008.TIF', 'USD0927435-20210810-D00009.TIF']","['1. Heat dissipating device for batteries or electric devices', '1.1 : Front', '1.2 : Back', '1.3 : Left', '1.4 : Right', '1.5 : Top', '1.6 : Bottom', '1.7 : Perspective', '1.8 is an enlarged partial perspective view; and']"," The image is a square-shaped drawing of a heat dissipating device, which is designed to dissipate heat generated by batteries or electric devices. The drawing shows the device's structure and how it works to remove heat from the device, ensuring proper functioning and preventing overheating."
Microphone,D0925503,"The ornamental design for a microphone, as shown and described.",20210720,"D14225,D14228","['1401', 'D14225', '4551701', 'D14194', '455100', '342361', '4553431', '224669', 'D14191', '455351', 'D101161', '343702', '224269', 'D14192', 'D14192', 'D14191', '340321', 'D14191', ' 16222', 'D14191', 'D14431', 'D101061', '224242', 'D14192', 'D 3206', '3405737', 'D19 90', '348 E513', '310340', '206 37', 'D14137', ' 24  311', 'D14154', 'D101192', 'D 3215', '224666', '455351', 'D27141', 'D13110', 'D13110', 'D14225', '455 42', 'D142033', 'D14138 AD', 'D14191', 'D14225', 'D14225', 'D14127', 'D13108', 'D14150', 'D14225', 'D13103', 'D13103', 'D14341', 'D14434', 'D14240', 'D13102', 'D14225', 'D14496', 'D14496', 'D142037', 'D14300', 'D13103', 'D14341', 'D 6515', 'D14225', 'D10 70', 'D14496', 'D131371', 'D10 70', 'D14435', 'D14225', 'D13184', 'D14225', 'D13103', 'D14225', 'D14240', 'D14225', '320127', '429 82', 'D14225', 'D14226', 'D14228', 'D14124', 'D14138', 'D14150', 'D14155', 'D14154', 'D14159', 'D14240', 'D14188', 'D14192', 'D14191', 'D14496', 'D13168', 'D13184', 'D13103', 'D 3215', 'D 3218', 'D 9529', 'D 9549', 'D 9663', '224242', '224269', '224669', '224247', '181158', '206269', 'D28 82', 'D28 85', 'D28 87', 'D28 911', 'D27159', '431130', '431136', '455351', 'D101061']",CN,8,8,"['USD0925503-20210720-D00000.TIF', 'USD0925503-20210720-D00001.TIF', 'USD0925503-20210720-D00002.TIF', 'USD0925503-20210720-D00003.TIF', 'USD0925503-20210720-D00004.TIF', 'USD0925503-20210720-D00005.TIF', 'USD0925503-20210720-D00006.TIF', 'USD0925503-20210720-D00007.TIF', 'USD0925503-20210720-D00008.TIF']","['FIG. 1 is a perspective view of a microphone showing my new design;', 'FIG. 2 is another perspective view thereof;', 'FIG. 3 is a front elevational view thereof;', 'FIG. 4 is a rear elevational view thereof;', 'FIG. 5 is a left side elevational view thereof;', 'FIG. 6 is a right side elevational view thereof;', 'FIG. 7 is a top plan view thereof; and,', 'FIG. 8 is a bottom plan view thereof.']"," The image is a drawing of a microphone, which is a device used to convert sound waves into electrical signals. The microphone is designed to capture audio from a source, such as a person speaking or a musical instrument, and convert it into an electrical signal that can be processed and amplified by other electronic devices. The drawing shows the microphone in a vertical position, with a cylindrical shape and a hole at the top, which is the diaphragm that vibrates in response to sound waves. The functionality of the image is to represent the concept of a microphone and its structure, which can be helpful for understanding the principles of sound capture and processing."
Dispenser bottle,D0919445,"The ornamental design for a dispenser bottle, as shown and described.",20210518,"D 9726, D9727","['0901', 'D 9726', 'D 9726', 'D 9540', 'D 7511', 'D24197', 'D 9529', 'D 3215', 'D 9727', 'D 9535', 'D28  7', 'D 7510', 'D 9726', 'D 9726', 'D 7536', '  42271', '222323', ' 43  1', 'D 9535', 'D 9723', 'D 9726', 'D 9727', 'D 3215', 'D 3282', 'D 7533', 'D 7536']",US,6,3,"['USD0919445-20210518-D00000.TIF', 'USD0919445-20210518-D00001.TIF', 'USD0919445-20210518-D00002.TIF', 'USD0919445-20210518-D00003.TIF']","['FIG. 1 is a perspective view of a dispenser bottle in accordance with this invention.', 'FIG. 2 is a front elevational view of the dispenser bottle of FIG. 1 , wherein the rear elevational view of the dispenser bottle is a mirror image of FIG. 2 and therefore not shown.', 'FIG. 3 is a right elevational side view of the dispenser bottle of FIG. 1 .', 'FIG. 4 is a top view of the dispenser bottle of FIG. 1 .', 'FIG. 5 is a bottom view of the dispenser bottle of FIG. 1 ; and,', 'FIG. 6 is a perspective view of the dispenser bottle of FIG. 1 , with a cap thereof removed to expose an applicator of the dispenser bottle.']"," The image is a white drawing of a dispenser bottle, which is a type of container designed to dispense a liquid or gel. The bottle has a nozzle or spout at the top, which allows for easy dispensing of the contents. The image is a simple representation of the bottle, likely intended for use in a diagram or drawing, rather than a functional object."
Pedestal digital outdoor display,D0934827,"The ornamental design for a pedestal digital outdoor display, as shown and described.",20211102,D14126,"['1403', 'D14126', ' 40555', 'D20 41', 'D20 10', 'D14374', 'D20 10', 'D20 10', 'D14126', 'D14126', 'D14345', 'D20 10', 'D14307', 'D14307', 'D14307', 'D14129', 'D 6675', 'D13107', '349 58', 'D16221', 'D14307', 'D14307', 'D 6672', 'D19113', 'D20 19', 'D14126', 'D14307', 'D14307', 'D14307', 'D20 41', 'D 6310', 'D14126', 'D14126', 'D13107', 'D14371', 'D14307', 'D20 39', 'D14126', 'D14307', 'D14307', ' 40574', '362 971', '705 57', 'D 6300', 'D 6310', 'D 6512', 'D 6524', 'D 6545', 'D14126', 'D14300', 'D14301', 'D14302', 'D14307', 'D14371', 'D14374', 'D14900', 'D14901', 'D14902', 'D19113', 'D20 10', 'D20 18', 'D20 19', 'D20 20', 'D20 41', 'D20 42', 'D20 99']","CA,CA",9,7,"['USD0934827-20211102-D00000.TIF', 'USD0934827-20211102-D00001.TIF', 'USD0934827-20211102-D00002.TIF', 'USD0934827-20211102-D00003.TIF', 'USD0934827-20211102-D00004.TIF', 'USD0934827-20211102-D00005.TIF', 'USD0934827-20211102-D00006.TIF', 'USD0934827-20211102-D00007.TIF']","['FIG. 1 is a perspective view of an embodiment thereof;', 'FIG. 2 is a first side view of the embodiment of FIG. 1 ;', 'FIG. 3 is a second side view of the embodiment of FIG. 1 ;', 'FIG. 4 is a front view of the embodiment of FIG. 1 ;', 'FIG. 5 is a back view of the embodiment of FIG. 1 ;', 'FIG. 6 is a top view of the embodiment of FIG. 1 ;', 'FIG. 7 is a bottom view of the embodiment of FIG. 1 ;', 'FIG. 8 is a perspective view of a second embodiment thereof; and,', 'FIG. 9 is a front view of the second embodiment viewed in FIG. 8 .']"," The image is a white square shape, and it is a drawing or a blueprint of a pedestal digital outdoor display. The purpose of the image is to provide a visual representation of the design and structure of the display, which can be used for planning, construction, or marketing purposes."
Sport spoon,D0909824,"The ornamental design for a sport spoon, as shown and described.",20210209,"D 7654, D74012","['0703', 'D 7654', 'D21406', 'D21406', 'D17 22', 'D101194', 'D 7642', 'D21405', 'D23251', 'D 7654', 'D 73002', 'D 7395', 'D 7368', 'D 74012', 'D 7642-647', 'D 7653-664', 'D 7669', 'D 7675-677', 'D 7682-683', 'D 7688-689', 'D 7691-692', 'D 8107', 'D 8300-301', 'D101194', 'D17 22', 'D21405', 'D21406', 'D22117-118', 'D23251']",US,7,3,"['USD0909824-20210209-D00000.TIF', 'USD0909824-20210209-D00001.TIF', 'USD0909824-20210209-D00002.TIF', 'USD0909824-20210209-D00003.TIF']","['FIG. 1 is a perspective view of the soccer sport spoon with the spoon bowl as a soccer ball and the spoon handle as a soccer lower leg, sock, and shoe showing my design;', 'FIG. 2 is a top view thereof;', 'FIG. 3 is a bottom thereof;', 'FIG. 4 is a front side view thereof;', 'FIG. 5 is a back side view thereof;', 'FIG. 6 is a left side view thereof; and,', 'FIG. 7 is a right side view thereof.']"," The image is a drawing of a spoon, specifically a sport spoon, which is designed for use in sports and outdoor activities. The spoon is shaped like a spoon and has a handle, making it easy to hold and use. The functionality of the image is to represent the design and concept of a sport spoon, which is a versatile and convenient tool for various outdoor activities, such as camping, hiking, or picnicking."
String light,D0918440,"The ornamental design for a string light, as shown and described.",20210504,D26 25,"['2603', 'D26 25', 'D26 25', 'D26 25', 'D26 25', 'D26 25', 'D26 25', 'D10 70', 'D26 25', 'D26 25', 'D26138', '36224914', '36231102', '315161', 'D26 25', 'D26126', 'D26138', 'D26 72', 'D26 73', 'D26 74', 'D26 78', 'D26 80', 'D26 85', 'D26 86']",CN,7,7,"['USD0918440-20210504-D00000.TIF', 'USD0918440-20210504-D00001.TIF', 'USD0918440-20210504-D00002.TIF', 'USD0918440-20210504-D00003.TIF', 'USD0918440-20210504-D00004.TIF', 'USD0918440-20210504-D00005.TIF', 'USD0918440-20210504-D00006.TIF', 'USD0918440-20210504-D00007.TIF']","['FIG. 1 is a perspective view of a string light showing my new design;', 'FIG. 2 is a front elevation view thereof;', 'FIG. 3 is a rear elevation view thereof;', 'FIG. 4 is a left side elevation view thereof;', 'FIG. 5 is a right side elevation view thereof;', 'FIG. 6 is a top plan view thereof; and,', 'FIG. 7 is a bottom plan view thereof.']"," The image is a drawing of a string light, which is a type of lighting fixture that consists of a long, flexible string of lights connected to a central power source. The string light is typically used for decorative purposes, such as illuminating outdoor spaces, patios, or gardens during nighttime or special events. The drawing shows the string light in a straight line, with the lights evenly spaced along the length of the string. The functionality of the image is to provide a visual representation of the string light, allowing viewers to understand its design and structure."
Vehicle front fascia,D0930529,"The ornamental design for a vehicle front fascia, as shown and described.",20210914,D12169,"['1216', 'D12169', 'D12190', 'D12169', 'D12196', 'D12196', 'D12184', 'D12169', 'D12169', 'D12169', 'D12169', 'D12169', 'D12196', 'D12169', 'D12169', 'D12169', 'D12169', 'D12169', 'D12196', 'D12169', 'D12169', 'D12196', 'D12169', 'D12169', 'D12184', 'D12169', 'D12169', 'D12169', 'D12196', 'D12196', 'D12  1', 'D12 85', 'D12 86', 'D12 88', 'D12 89', 'D12 90', 'D12 91', 'D12 92', 'D12 93', 'D12101', 'D12102', 'D12106', 'D12144', 'D12163', 'D12164', 'D12167', 'D12169', 'D12171', 'D12173', 'D12181', 'D12184', 'D12185', 'D12190', 'D12192', 'D12196', 'D12216', 'D12400', 'D21533', 'D21548', 'D21552', 'D21561', 'D15 28']","US,US",7,7,"['USD0930529-20210914-D00000.TIF', 'USD0930529-20210914-D00001.TIF', 'USD0930529-20210914-D00002.TIF', 'USD0930529-20210914-D00003.TIF', 'USD0930529-20210914-D00004.TIF', 'USD0930529-20210914-D00005.TIF', 'USD0930529-20210914-D00006.TIF', 'USD0930529-20210914-D00007.TIF']","['FIG. 1 is a front and left perspective view of a vehicle front fascia showing our new design; the mirror image of the vehicle front fascia is claimed, but not shown;', 'FIG. 2 is a front elevation of the vehicle front fascia of FIG. 1 ;', 'FIG. 3 is a left elevation view thereof;', 'FIG. 4 is a right elevation view thereof;', 'FIG. 5 is a rear elevation view thereof;', 'FIG. 6 is a top view thereof; and,', 'FIG. 7 is a bottom view thereof.']"," The image is a drawing of a vehicle front fascia, which is the front part of a vehicle that includes the grille, headlights, and other components. The image is in the shape of a boat, which is an unusual and creative representation of a vehicle front fascia. The functionality of the image is to showcase the design and layout of the front part of a vehicle, possibly for artistic or conceptual purposes."
Stage light,D0933282,"The ornamental design for a stage light, as shown and described.",20211012,"D26 93,D26 94","['2605', 'D26 93', 'D21713', 'D26104', 'D26104', 'D26104', 'D101194', 'D101194', 'D26 94', 'D11124', 'D21318', 'D26 94', 'D30160', 'D26110', 'D11157', 'D26110', 'D26104', 'D26 24', 'D26110', 'D26 24', 'D26104', 'D26 94', 'D26110', 'D26110', 'D26  7', 'D26 10', 'D26 24', 'D26 26', 'D26 40', 'D26 47', 'D26 63', 'D26 93', 'D26 94', 'D26 98', 'D26104', 'D26106', 'D26110', 'D26120', 'D26123', 'D26124', 'D26128', 'D26135', 'D26137', 'D14172', 'D14188', 'D14496', 'D14509', 'D101041', 'D101142', 'D101145', 'D101146', 'D101148', 'D101065', 'D101194', 'D21308', 'D21316', 'D21319', 'D21386', 'D21708', 'D21713', 'D21782', 'D23377', 'D23385']",CN,7,7,"['USD0933282-20211012-D00000.TIF', 'USD0933282-20211012-D00001.TIF', 'USD0933282-20211012-D00002.TIF', 'USD0933282-20211012-D00003.TIF', 'USD0933282-20211012-D00004.TIF', 'USD0933282-20211012-D00005.TIF', 'USD0933282-20211012-D00006.TIF', 'USD0933282-20211012-D00007.TIF']","['FIG. 1 is a perspective view of a stage light showing my new design;', 'FIG. 2 is a front elevational view thereof;', 'FIG. 3 is a rear elevational view thereof;', 'FIG. 4 is a left side elevational view thereof;', 'FIG. 5 is a right side elevational view thereof;', 'FIG. 6 is a top plan view thereof; and,', 'FIG. 7 is a bottom plan view thereof.']"," The image is a drawing of a circular stage light. The functionality of the image is to represent the design and structure of a stage light, which is typically used in theatrical or event settings to provide illumination for performers or to create specific lighting effects."
Keyboard including a control bar,D0919623,"The ornamental design for a keyboard including a control bar, as shown and described.",20210518,D14391,"['1402', 'D14391', 'D11106', 'D19 88', 'D11121', 'D14457', 'D14397', 'D14422', 'D14396', 'D19135', 'D14396', 'D14398', 'D14396', 'D14385', 'D14392', 'D14392', 'D14434', 'D14398', 'D14391', 'D14392', 'D142034', 'D142036', 'D14247', 'D14345-346', 'D14315-327', 'D14391-399', 'D14434', 'D14455-457', 'D14477', 'D14507', 'D14509', 'D18  1-  2', 'D18  41-  46', 'D18  7', 'D18 11', '235145 A', '235145 R', '341 22- 23', '345104', '345156', '345168-169', '345173', '36167908', '36167909', '36167911', '36167926', '36167927', 'D11132', 'D21324', 'D21409', 'D21512', 'D21515', 'D24186', '2481761', '2482981', '24834601', 'D 6705', 'D 67054', 'D 67057', 'D19 88- 89', 'D 7697-698']","US,US,US,US",7,5,"['USD0919623-20210518-D00000.TIF', 'USD0919623-20210518-D00001.TIF', 'USD0919623-20210518-D00002.TIF', 'USD0919623-20210518-D00003.TIF', 'USD0919623-20210518-D00004.TIF', 'USD0919623-20210518-D00005.TIF']","['FIG. 1 is a front, bottom, right-side perspective view of a keyboard including a control bar.', 'FIG. 2 is a bottom plan view of the keyboard shown in FIG. 1 ;', 'FIG. 3 is a top plan view of the keyboard shown in FIG. 1 ;', 'FIG. 4 is a left-side elevational view of the keyboard shown in FIG. 1 ;', 'FIG. 5 is a right-side elevational view of the keyboard shown in FIG. 1 ;', 'FIG. 6 is a front elevational view of the keyboard shown in FIG. 1 ; and,', 'FIG. 7 is a rear elevational view of the keyboard shown in FIG. 1 .']"," The image is a white, rectangular shape that features a keyboard with a control bar. The functionality of the image is to showcase the design and layout of the keyboard, including the control bar, which is typically used to control various functions or settings on the keyboard."
Display screen or portion thereof with a graphical user interface,D0910059,"The ornamental design for a display screen or portion thereof with a graphical user interface, as shown and described.",20210209,D14487,"['1404', 'D14487', 'D14486', 'D14487', 'D14487', 'D14487', 'D14486', 'D14487', 'D14487', 'D14485', 'D14485', 'D14485-495']","US,US,US",1,1,"['USD0910059-20210209-D00000.TIF', 'USD0910059-20210209-D00001.TIF']",['The FIGURE is a front view of a display screen or portion thereof with a graphical user interface showing the new design.']," The image is a square shape and displays a graphical user interface with a menu and a search bar. The functionality of the image is to showcase the layout and design of a display screen, which can be used for various purposes such as navigation, communication, or accessing information."
Shoe midsole,D0938703,"The ornamental design for a shoe midsole, as shown and described.",20211221,"D 2947, D2957","['0204', 'D 2947', 'D 2957', 'D 2902', ' 36 43', 'D 2944', 'D 2916', 'D 2957', 'D 2960', 'D 2957', 'D 2957', 'D 2957', 'D 2902', 'D 2906', 'D 2908', 'D 2916', 'D 2918', 'D 2925', 'D 2946-962', 'D 2977', ' 36  3 B', ' 36 22 R', ' 36 245', ' 36 25 R', ' 36 28', ' 36 32 R', ' 36 34 R', ' 36 59 C', ' 36 67 A', ' 36103']","DE,DE,DE",7,7,"['USD0938703-20211221-D00000.TIF', 'USD0938703-20211221-D00001.TIF', 'USD0938703-20211221-D00002.TIF', 'USD0938703-20211221-D00003.TIF', 'USD0938703-20211221-D00004.TIF', 'USD0938703-20211221-D00005.TIF', 'USD0938703-20211221-D00006.TIF', 'USD0938703-20211221-D00007.TIF']","['FIG. 1 is a side view of a shoe midsole and outsole.', 'FIG. 2 is another side view of the shoe midsole and outsole of FIG. 1 .', 'FIG. 3 is a bottom view of the shoe midsole and outsole of FIG. 1 .', 'FIG. 4 is a front view of the shoe midsole and outsole of FIG. 1 .', 'FIG. 5 is a back view of the shoe midsole and outsole of FIG. 1 .', 'FIG. 6 is a top view of the shoe midsole and outsole of FIG. 1 ; and,', 'FIG. 7 is a perspective view of the shoe midsole and outsole of FIG. 1 .']"," The image is a black and white drawing of a shoe midsole, which is the part of the shoe that sits between the sole and the upper. The midsole provides support and cushioning for the foot, and it also helps to distribute the wear and tear of the shoe evenly across the foot. The image is a simple, abstract representation of the shoe midsole, which may be used for educational purposes or as a design element in a shoe-related context."
Process plate,D0925765,"The ornamental design for a process plate, as shown and described.",20210720,D24224,"['2402', 'D24224', 'D24224', 'D24230', 'D24224', 'D24224', 'D24224', 'D24226', 'D24227', 'D24224', 'D24227', 'D24227', 'D24224', 'D24224', 'D24224', 'D24107', 'D24216', 'D24227-230', 'D24222', 'D24127', 'D24 12', '422 50', '422500', '422501', '422524', '422564', '422563', '422562', '422561', '422942', '422401']","US,US",7,4,"['USD0925765-20210720-D00000.TIF', 'USD0925765-20210720-D00001.TIF', 'USD0925765-20210720-D00002.TIF', 'USD0925765-20210720-D00003.TIF', 'USD0925765-20210720-D00004.TIF']","['FIG. 1 is a front perspective view of a process plate according to our design;', 'FIG. 2 is a front elevational view thereof;', 'FIG. 3 is a rear elevational view thereof;', 'FIG. 4 is a right side elevational view thereof;', 'FIG. 5 is a left side elevational view thereof;', 'FIG. 6 is a top plan view thereof; and,', 'FIG. 7 is a bottom plan view thereof.']"," The image is a square-shaped drawing of a process plate, which is used for various purposes in manufacturing or industrial settings. The image shows the structure and layout of the process plate, including the holes and their positions. The functionality of the image is to provide a visual representation of the process plate, which can be used for design, planning, or maintenance purposes in the relevant industries."
Tablet computer,D0928145,"The ornamental design for a tablet computer, as shown and described.",20210817,D14341,"['1402', 'D14341', 'D14341', 'D14341', 'D14341', 'D14341', 'D14341', 'D14341', 'D14341', 'D14389', 'D14341', 'D14341', 'D14341', 'D14341', 'D19113', 'D14341', 'D14388-389', 'D14371', 'D14374', 'D14420', 'D14426', 'D14129-130', 'D14315-318', 'D14342-347', 'D14496', 'D21324', 'D21329', 'D24186', 'D101044', 'D10 50', 'D10 65', 'D10 74']","NO,NO",7,7,"['USD0928145-20210817-D00000.TIF', 'USD0928145-20210817-D00001.TIF', 'USD0928145-20210817-D00002.TIF', 'USD0928145-20210817-D00003.TIF', 'USD0928145-20210817-D00004.TIF', 'USD0928145-20210817-D00005.TIF', 'USD0928145-20210817-D00006.TIF', 'USD0928145-20210817-D00007.TIF']","['FIG. 1 is a front and left perspective view of a tablet computer;', 'FIG. 2 is a front view thereof;', 'FIG. 3 is a rear view thereof;', 'FIG. 4 is a top view thereof;', 'FIG. 5 is a bottom view thereof;', 'FIG. 6 is a right view thereof; and,', 'FIG. 7 is a left view thereof.']"," The image is a square-shaped drawing of a tablet computer. The functionality of the image is to represent the design and structure of a tablet computer, showcasing its form factor and overall appearance."
Shaving razor cartridge,D0907293,"The ornamental design for a shaving razor cartridge, as shown and described.",20210105,D28 47,"['2803', 'D28 47', ' 30 49', 'D28 47', ' 30 50', ' 30 32', 'D28 47', 'D28 47', ' 30 41', ' 30 50', ' 30 50', 'D28 47', 'D28 47', 'D28 46', 'D28 47', ' 30 41', 'D28 47', 'D28 47', 'D28 47', 'D28 47', 'D28 47', ' 30 41', ' 30 41', 'D28 46- 48']","US,US,US",8,6,"['USD0907293-20210105-D00000.TIF', 'USD0907293-20210105-D00001.TIF', 'USD0907293-20210105-D00002.TIF', 'USD0907293-20210105-D00003.TIF', 'USD0907293-20210105-D00004.TIF', 'USD0907293-20210105-D00005.TIF', 'USD0907293-20210105-D00006.TIF']","['FIG. 1 is a perspective view of a shaving razor cartridge showing our new design;', 'FIG. 2 is a top view thereof;', 'FIG. 3 is a bottom view thereof;', 'FIG. 4 is a right view thereof;', 'FIG. 5 is a left view thereof;', 'FIG. 6 is a rear view thereof;', 'FIG. 7 is a front view thereof; and,', 'FIG. 8 is another perspective view thereof.']"," The image is a drawing or a diagram of a shaving razor cartridge. The shape of the image is rectangular, and its functionality is to showcase the internal structure and components of the razor cartridge, which includes the blades and the housing. The image provides a visual representation of the razor cartridge, allowing viewers to understand its design and how it works."
Connector terminal,D0913942,"The ornamental design for a connector terminal, as shown and described.",20210323,D13133,"['1302', 'D13133', '439852', '439851', '439852', 'D13133', 'D13133', 'D13154', 'D13154', '439748', '439891', 'D13154', 'D13154', 'D13154', 'D13154', 'D13154', 'D13133', 'D13133', 'D13154', '439852', '439816', 'D13119', 'D13120', 'D13133', 'D13146', 'D13149', 'D13154', 'D13178', 'D13199']","US,US",8,8,"['USD0913942-20210323-D00000.TIF', 'USD0913942-20210323-D00001.TIF', 'USD0913942-20210323-D00002.TIF', 'USD0913942-20210323-D00003.TIF', 'USD0913942-20210323-D00004.TIF', 'USD0913942-20210323-D00005.TIF', 'USD0913942-20210323-D00006.TIF', 'USD0913942-20210323-D00007.TIF', 'USD0913942-20210323-D00008.TIF']","['FIG. 1 is a front perspective view of a connector terminal showing our new design;', 'FIG. 2 is a left side view thereof;', 'FIG. 3 is a right side view thereof;', 'FIG. 4 is a top view thereof;', 'FIG. 5 is a bottom view thereof;', 'FIG. 6 is a front view thereof;', 'FIG. 7 is a rear view thereof; and,', 'FIG. 8 is a rear perspective view thereof.']"," The image is a white outline of a connector terminal, which is a device used to connect electrical components or devices. The shape of the image is rectangular, and it is a schematic representation of the connector terminal, providing a clear visual representation of its structure and components. The functionality of the image is to provide a clear understanding of the connector terminal's design and layout, which can be helpful for engineers or technicians working with the device."
Irrigation coupling assembly,D0927653,"I claim the ornamental design for an irrigation coupling assembly, as shown and described.",20210810,D23262,"['2301', 'D23262', '285  6', '285  5', '239267', '285  6', '285  6', '285  5', '239267', '239734', '277314', 'D 8349', 'D23233', 'D23235', 'D23248', 'D23259', 'D23262-266', 'D23268', '137 1509', '137561 A', '13761404', '138 37', '138 39', '138 44', '138109', 'D24108', 'D24129', '2851251', '2851261', '2851272', '2851291', '2851301-1311', '2851321', '2851481', '285  5-  6', '285 18- 20', '285 27', '285 29', '285 61', '285111', '285305', '285321']",US,15,15,"['USD0927653-20210810-D00000.TIF', 'USD0927653-20210810-D00001.TIF', 'USD0927653-20210810-D00002.TIF', 'USD0927653-20210810-D00003.TIF', 'USD0927653-20210810-D00004.TIF', 'USD0927653-20210810-D00005.TIF', 'USD0927653-20210810-D00006.TIF', 'USD0927653-20210810-D00007.TIF', 'USD0927653-20210810-D00008.TIF', 'USD0927653-20210810-D00009.TIF', 'USD0927653-20210810-D00010.TIF', 'USD0927653-20210810-D00011.TIF', 'USD0927653-20210810-D00012.TIF', 'USD0927653-20210810-D00013.TIF', 'USD0927653-20210810-D00014.TIF', 'USD0927653-20210810-D00015.TIF']","['FIG. 1 provides a top perspective view of the male and female components of the irrigation coupling assembly showing my new design;', 'FIG. 2 provides a distal perspective view of the male and female components of the irrigation coupling assembly of the design of FIG. 1 ;', 'FIG. 3 provides a proximal bottom perspective view of the male and female components of the irrigation coupling assembly of the design of FIG. 1 ;', 'FIG. 4 provides a distal bottom perspective view of the male and female components of the irrigation coupling assembly of the design of FIG. 1 ;', 'FIG. 5 provides a top perspective view of the male and female components of the irrigation coupling assembly of the design of FIG. 1 ;', 'FIG. 6 provides a proximal perspective view of the male and female components of the irrigation coupling assembly of the design of FIG. 1 ;', 'FIG. 7 provides a top plan view of the male and female components of the irrigation coupling assembly of the design of FIG. 1 ;', 'FIG. 8 provides a bottom plan view of the male and female components of the irrigation coupling assembly according to the design of FIG. 1 ;', 'FIG. 9 provides a first side elevation view of the male and female components of the irrigation coupling assembly of the design of FIG. 1 ;', 'FIG. 10 provides a second side elevation view of the male and female components of the irrigation coupling assembly of the design of FIG. 1 ;', 'FIG. 11 provides a distal end axial elevation view of the male and female components of the irrigation coupling assembly of the design of FIG. 1 ;', 'FIG. 12 provides a proximal end axial elevation view of the male and female components of the irrigation coupling assembly of the design of FIG. 1 ;', 'FIG. 13 provides perspective view of the male and female components of the irrigation coupling assembly of the design of FIG. 1 in axial alignment;', 'FIG. 14 provides perspective view of the male and female components of the irrigation coupling assembly of the design of FIG. 1 , where the male component is axially inserted into the female component; and,', 'FIG. 15 provides perspective view of the male and female components of the irrigation coupling assembly of the design of FIG. 1 , where the male component is axially inserted into the female component and rotated into an interlocking position.']"," The image is a drawing of an irrigation coupling assembly, which is a device used to connect and disconnect water hoses for irrigation purposes. The image shows a top view of the assembly, which consists of a barrel, a handle, and a hose connector. The functionality of the image is to provide a visual representation of the irrigation coupling assembly, which can be used for reference or as a blueprint for manufacturing or assembly purposes."
Filter for water treatment system,D0921834,"The ornamental design for a filter for water treatment system, as shown and described.",20210608,D23209,"['2301', 'D23209', 'D23207', 'D23209', 'D23209', 'D23209', 'D23209', 'D23209', 'D23209', '210338', 'D23209', 'D23235', 'D23341', 'D23358', 'D23363-365', 'D15  5']","US,US,US",8,7,"['USD0921834-20210608-D00000.TIF', 'USD0921834-20210608-D00001.TIF', 'USD0921834-20210608-D00002.TIF', 'USD0921834-20210608-D00003.TIF', 'USD0921834-20210608-D00004.TIF', 'USD0921834-20210608-D00005.TIF', 'USD0921834-20210608-D00006.TIF', 'USD0921834-20210608-D00007.TIF']","['FIG. 1 is a top, front perspective view of the filter for water treatment system;', 'FIG. 2 is a front view thereof;', 'FIG. 3 is a rear view thereof;', 'FIG. 4 is a right side view thereof;', 'FIG. 5 is a left side view thereof;', 'FIG. 6 is a top view thereof;', 'FIG. 7 is a bottom view thereof; and,', 'FIG. 8 is a rear, bottom perspective view thereof.']"," The image is a cylindrical shape, and it serves as a filter for a water treatment system. The filter is designed to remove impurities and contaminants from the water, ensuring that it is safe and clean for consumption."
Shoe,D0917866,"The ornamental design for a shoe, as shown and described.",20210504,D 2973,"['0204', 'D 2973', 'D 2970', 'D 2972', 'D 2972', 'D 2972', 'D 2969', 'D 2969', 'D 2896', 'D 2902', 'D 2904', 'D 2906-908', 'D 2969', 'D 2972-974']",US,3,3,"['USD0917866-20210504-D00000.TIF', 'USD0917866-20210504-D00001.TIF', 'USD0917866-20210504-D00002.TIF', 'USD0917866-20210504-D00003.TIF']","['FIG. 1 is a front perspective view of a shoe showing my new design;', 'FIG. 2 is a side view thereof; and,', 'FIG. 3 is a rear perspective view thereof.']"," The image is a white outline of a shoe, which is a black and white drawing. The functionality of the image is to represent the shape and structure of a shoe, possibly for artistic purposes or as a template for creating a physical shoe."
Wheel,D0929297,"The ornamental design for a wheel, as shown and described.",20210831,D12209,"['1216', 'D12209', 'D12209', 'D12209', 'D12209', 'D12209', 'D12211', 'D12211', 'D12211', 'D12209', 'D12211', 'D12209', 'D12209', 'D12211', 'D12209', 'D12209', 'D12209', 'D12211', 'D12211', 'D12209', 'D12209', 'D12209', 'D12209', 'D12209', 'D12209', 'D12209', 'D12209', 'D12211', 'D12211', 'D12211', 'D12209', 'D12209', 'D12211', 'D12209', 'D12204-213', 'D21563']",US,2,2,"['USD0929297-20210831-D00000.TIF', 'USD0929297-20210831-D00001.TIF', 'USD0929297-20210831-D00002.TIF']","['FIG. 1 is a perspective view of a wheel showing my new design; and,', 'FIG. 2 is a front view thereof.']"," The image is a drawing or a sketch of a wheel, which is a round object used for transportation purposes, such as in vehicles like cars, bicycles, and motorcycles. The image is in black and white, which adds a sense of simplicity and elegance to the drawing. The functionality of the image is to represent the concept of a wheel, which can be used for various purposes, such as artistic expression, educational materials, or even engineering and design projects."
License plate fastener cap,D0913175,"The ornamental design for a license plate fastener cap, as shown and described.",20210316,D12193,"['1216', 'D12193', 'D12193', 'D 9414', 'D11 79', 'D24224', 'D99  1', 'D12193', 'D12193', 'D20 11', 'D14223', 'D24146', 'D25113', 'D14223', 'D11200', 'D99  5', 'D 1109', 'D 9451', 'D26 73', 'D12193', 'D11200', 'D11204', 'D11 79', 'D11 87', 'D20 13']","US,US,US",6,3,"['USD0913175-20210316-D00000.TIF', 'USD0913175-20210316-D00001.TIF', 'USD0913175-20210316-D00002.TIF', 'USD0913175-20210316-D00003.TIF']","['FIG. 1 is a perspective top and front view showing our new design for a license plate fastener cap.', 'FIG. 2 is front view of the license plate fastener cap of the present invention.', 'FIG. 3 is a bottom view of the license plate fastener cap of the present invention.', 'FIG. 4 is a top view of the license plate fastener cap of the present invention.', 'FIG. 5 is a right side view of the license plate fastener cap of the present invention; and,', 'FIG. 6 is left side view of the license plate fastener cap of the present invention.']"," The image is a black and white drawing of a license plate fastener cap. The shape of the image is a combination of a square and a circle. The functionality of the image is to showcase the design and structure of the license plate fastener cap, which is used to securely hold a license plate in place on a vehicle."
Fabric with surface pattern,D0939223,"The ornamental design for a fabric with surface patterns, as shown and described.",20211228,D 5 46,"['0505', 'D 5 46', 'D 5 46', 'D 5 46', 'D 5 46', 'D 5 46', 'D 5 46', 'D 5 46', 'D 5 46', 'D 5 46', 'D 6601', 'D 5 46', 'D 5 46', 'D 5 46', 'D 5 46', 'D 5 46', 'D 5 46', 'D 5 46', 'D 5 46', 'D 5 46', 'D 5 46', 'D 5 46', 'D 5 46', 'D 5 46', 'D 5 46', 'D 5 46', 'D 5 46', 'D 5 46', 'D 5 46', 'D 5 46', 'D 5 46', 'D 5 46', 'D 5 46', 'D 5 46', 'D 5 46', 'D 5 46', 'D 5 46', 'D 5 46', 'D 5  4', 'D 5  5', 'D 5  6', 'D 5 26', 'D 5 41', 'D 5 43', 'D 5 44', 'D 5 46', 'D 5 47', 'D 5 54', 'D 5 56', 'D 5 58', 'D 5 59', 'D 5 61', 'D 5 62', 'D 5 99', 'D 6582', 'D 6602', 'D 6612', 'D 6613', 'D 6617', 'D19  1', 'D19  5', 'D20 27', 'D25138', 'D25149', 'D25151', 'D25157', 'D32 40', 'D11178']",GB,2,2,"['USD0939223-20211228-D00000.TIF', 'USD0939223-20211228-D00001.TIF', 'USD0939223-20211228-D00002.TIF']","['The file of this patent contains at least one drawing/photograph executed in color. Copies of this patent with color drawing(s)/photograph(s) will be provided by the Office upon request and payment of the necessary fee.', 'FIG. 1 is a top plan view of a fabric with surface pattern according to a first embodiment; and,']"," The image is square-shaped and features a checkered pattern on its surface. The image is likely used for decorative purposes, such as wallpaper or fabric, as it showcases the design and texture of the material."
Game housing and game pieces,D0911449,"The ornamental design for a game housing and game pieces, as shown and described.",20210223,"D21335,D21342","['2101', 'D21335', 'D19103', '273153 R', 'D 7590', '2064595', '249 18', 'D21335', 'D21335', 'D21335', 'D 75535', 'D 7611', 'D21342', 'D21366', 'D 7611', 'D21366', 'D 7611', 'D 75538', 'D19 92', 'D 7611', '206509', 'D 7611', 'D21345', 'D21335', 'D19103', ' 62382', '273272', 'D21336', 'D24230', 'D21336', '209522', '206  17', 'D 75535', 'D21336', 'D 7611', ' 522237', 'D 3313', 'D 3313', 'D19 59', 'D10 461', 'D21336', 'D21336', '273271', 'D21336', 'D21345', '206575', 'D21336', '273243', '403306', 'D19 77', 'D21336', 'D24230', 'D 7549', 'D 6514', 'D19 77', '273248', '273281', 'D 6571', 'D24181', 'D24226', 'D24226', 'D21341', 'D 75535', 'D 3311', '215250', '273236', '273271', 'D21336', '273236', 'D21338', 'D19103', 'D 7693', 'D21336', 'D24230', 'D21336', 'D21342', '273148 R', 'D 9758', 'D 9758', 'D 7541', '273153 S', 'D19 75', 'D 9425', 'D21336', 'D32 55', 'D19 75', 'D21341', '220507', 'D10 461', '116200', 'D 6569', 'D21335', 'D21335', '273281', 'D12419', 'D21336', '273272', 'D13119', 'D19 75', '2972161', '273150', 'D19 75', 'D 6552', 'D19103', 'D 3313', 'D19 78', '206  3', '273288', 'D12419', 'D 75535', 'D 7549', 'D 32033', 'D 75532', 'D19103', 'D21336', 'D 75532', 'D 9436', 'D19103', 'D 3313', 'D 3284', '273272', 'D24224', 'D 3313', '600556', 'D 3313', 'D19 75', 'D19 75', 'D19 75', 'D21337', 'D24216', 'D 3201', 'D21336', 'D21336', 'D 75531', 'D19103', 'D21335', '273281', 'D 6552', 'D 3311', 'D21335', 'D21335', 'D 3315', 'D 3 20', 'D21335', 'D 3313', 'D 66822', 'D21336', '362231', 'D21337', 'D21478', '273236', 'D21346', 'D21341', 'D21335', 'D21335', 'D 6629', 'D24230', 'D 3304', 'D24230', 'D19106', 'D 3313', 'D 64066', 'D21335', 'D 6382', 'D 6705', 'D 7706', '273283', 'D 3313', 'D21342', 'D 6300', 'D11178', 'D21335', 'D21365', 'D 9737', 'D 7590', 'D 75535', '220508', 'D 9737', '108 5012', 'D19106', 'D 75532', 'D 9737', 'D 75532', 'D 76001', 'D 7402', 'D24230', 'D24230', 'D 6675', 'D24230', 'D24226', 'D 76001', 'D 66822', 'D27183', 'D 75532', 'D 7611', 'D 66822', 'D 7701', 'D 75532', 'D 76001', 'D 76001', 'D 75532', 'D 9425', 'D 9737', 'D21336', 'D 7701', 'D 7701', 'D15140', 'D 66824', 'D 9757', 'D24230', 'D24230', 'D 9436', 'D 7391', 'D27186', 'D 75535', 'D 7611', 'D24230', 'D 9760', 'D 7391', 'D24227', 'D 9432', 'D21342', 'D21337', 'D21343', 'D 4134', 'D 9436', 'D21342', 'D21342', 'D21468', '273271', '273281', '368206', '206557', 'D21334', 'D21335-342', 'D21355-359', 'D21365', 'D21318', 'D21397', 'D21351', 'D21385', 'D21386', 'D21389', 'D21404', 'D21478', 'D21479', 'D21483-486', 'D21489-491', 'D21493', 'D21494', 'D21497-499', 'D21507', 'D21510', 'D21511', 'D21561', '273241', '273242', '273244-247', '273259', '273275-277', '273281', '2732821-2823', '273284-287', '2733173', '2731081', '2731085', '273118 D', '273236-240', '273283', '273309', '273441', '273461', 'D 64061', 'D 64063', 'D 64064', 'D 64066', 'D19 86', 'D19 92', 'D19 95', 'D19 87', 'D19113', 'D19 75', 'D19 77', 'D19 78', 'D19 80', '108 14', '108 62', '108 43', '108 67', '434416', '434247', '434248', '434251', '434408', '434413', '434145', '434430']","BE,GB",93,67,"['USD0911449-20210223-D00000.TIF', 'USD0911449-20210223-D00001.TIF', 'USD0911449-20210223-D00002.TIF', 'USD0911449-20210223-D00003.TIF', 'USD0911449-20210223-D00004.TIF', 'USD0911449-20210223-D00005.TIF', 'USD0911449-20210223-D00006.TIF', 'USD0911449-20210223-D00007.TIF', 'USD0911449-20210223-D00008.TIF', 'USD0911449-20210223-D00009.TIF', 'USD0911449-20210223-D00010.TIF', 'USD0911449-20210223-D00011.TIF', 'USD0911449-20210223-D00012.TIF', 'USD0911449-20210223-D00013.TIF', 'USD0911449-20210223-D00014.TIF', 'USD0911449-20210223-D00015.TIF', 'USD0911449-20210223-D00016.TIF', 'USD0911449-20210223-D00017.TIF', 'USD0911449-20210223-D00018.TIF', 'USD0911449-20210223-D00019.TIF', 'USD0911449-20210223-D00020.TIF', 'USD0911449-20210223-D00021.TIF', 'USD0911449-20210223-D00022.TIF', 'USD0911449-20210223-D00023.TIF', 'USD0911449-20210223-D00024.TIF', 'USD0911449-20210223-D00025.TIF', 'USD0911449-20210223-D00026.TIF', 'USD0911449-20210223-D00027.TIF', 'USD0911449-20210223-D00028.TIF', 'USD0911449-20210223-D00029.TIF', 'USD0911449-20210223-D00030.TIF', 'USD0911449-20210223-D00031.TIF', 'USD0911449-20210223-D00032.TIF', 'USD0911449-20210223-D00033.TIF', 'USD0911449-20210223-D00034.TIF', 'USD0911449-20210223-D00035.TIF', 'USD0911449-20210223-D00036.TIF', 'USD0911449-20210223-D00037.TIF', 'USD0911449-20210223-D00038.TIF', 'USD0911449-20210223-D00039.TIF', 'USD0911449-20210223-D00040.TIF', 'USD0911449-20210223-D00041.TIF', 'USD0911449-20210223-D00042.TIF', 'USD0911449-20210223-D00043.TIF', 'USD0911449-20210223-D00044.TIF', 'USD0911449-20210223-D00045.TIF', 'USD0911449-20210223-D00046.TIF', 'USD0911449-20210223-D00047.TIF', 'USD0911449-20210223-D00048.TIF', 'USD0911449-20210223-D00049.TIF', 'USD0911449-20210223-D00050.TIF', 'USD0911449-20210223-D00051.TIF', 'USD0911449-20210223-D00052.TIF', 'USD0911449-20210223-D00053.TIF', 'USD0911449-20210223-D00054.TIF', 'USD0911449-20210223-D00055.TIF', 'USD0911449-20210223-D00056.TIF', 'USD0911449-20210223-D00057.TIF', 'USD0911449-20210223-D00058.TIF', 'USD0911449-20210223-D00059.TIF', 'USD0911449-20210223-D00060.TIF', 'USD0911449-20210223-D00061.TIF', 'USD0911449-20210223-D00062.TIF', 'USD0911449-20210223-D00063.TIF', 'USD0911449-20210223-D00064.TIF', 'USD0911449-20210223-D00065.TIF', 'USD0911449-20210223-D00066.TIF', 'USD0911449-20210223-D00067.TIF']","['FIG. 1 is an open configuration, top perspective view of the game housing component of our design for a game housing and game pieces, shown separately from the game pieces for clarity of illustration;', 'FIG. 2 is a front elevational of the game housing of FIG. 1 ;', 'FIG. 3 is a rear elevational of the game housing of FIG. 1 ;', 'FIG. 4 is a left side view of the game housing of FIG. 1 ;', 'FIG. 5 is a right side view of the game housing of FIG. 1 ;', 'FIG. 6 is a top view of the game housing of FIG. 1 ;', 'FIG. 7 is a bottom view of the game housing of FIG. 1 ;', 'FIG. 8 is a top perspective view of a game piece, shown separately for clarity of illustration;', 'FIG. 9 is a front elevational view of the game piece of FIG. 8 ;', 'FIG. 10 is a rear elevational view of the game piece of FIG. 8 ;', 'FIG. 11 is a right side view of the game piece of FIG. 8 ;', 'FIG. 12 is a left side view of the game piece of FIG. 8 ;', 'FIG. 13 is a top view of the game piece of FIG. 8 ;', 'FIG. 14 is a bottom view of the game piece of FIG. 8 ;', 'FIG. 15 is a top perspective view of a game piece, shown separately for clarity of illustration;', 'FIG. 16 is a front elevational view of the game piece of FIG. 15 ;', 'FIG. 17 is a rear elevational view of the game piece of FIG. 15 ;', 'FIG. 18 is a right side view of the game piece of FIG. 15 ;', 'FIG. 19 is a left side view of the game piece of FIG. 15 ;', 'FIG. 20 is a top view of the game piece of FIG. 15 ;', 'FIG. 21 is a bottom view of the game piece of FIG. 15 ;', 'FIG. 22 is a top perspective view of a game piece, shown separately for clarity of illustration;', 'FIG. 23 is a front elevational view of the game piece of FIG. 22 ;', 'FIG. 24 is a rear elevational view of the game piece of FIG. 22 ;', 'FIG. 25 is a right side view of the game piece of FIG. 22 ;', 'FIG. 26 is a left side view of the game piece of FIG. 22 ;', 'FIG. 27 is a top view of the game piece of FIG. 22 ;', 'FIG. 28 is a bottom view of the game piece of FIG. 22 ;', 'FIG. 29 is a top perspective view of a game piece, shown separately for clarity of illustration;', 'FIG. 30 is a front elevational view of the game piece of FIG. 29 ;', 'FIG. 31 is a rear elevational view of the game piece of FIG. 29 ;', 'FIG. 32 is a right side view of the game piece of FIG. 29 ;', 'FIG. 33 is a left side view of the game piece of FIG. 29 ;', 'FIG. 34 is a top view of the game piece of FIG. 29 ;', 'FIG. 35 is a bottom view of the game piece of FIG. 29 ;', 'FIG. 36 is a top perspective view of a game piece, shown separately for clarity of illustration;', 'FIG. 37 is a front elevational view of the game piece of FIG. 37 ;', 'FIG. 38 is a rear elevational view of the game piece of FIG. 37 ;', 'FIG. 39 is a right side view of the game piece of FIG. 37 ;', 'FIG. 40 is a left side view of the game piece of FIG. 37 ;', 'FIG. 41 is a top view of the game piece of FIG. 37 ;', 'FIG. 42 is a bottom view of the game piece of FIG. 37 ;', 'FIG. 43 is a top perspective view of a game piece, shown separately for clarity of illustration;', 'FIG. 44 is a front elevational view of the game piece of FIG. 43 ;', 'FIG. 45 is a rear elevational view of the game piece of FIG. 43 ;', 'FIG. 46 is a right side view of the game piece of FIG. 43 ;', 'FIG. 47 is a left side view of the game piece of FIG. 43 ;', 'FIG. 48 is a top view of the game piece of FIG. 43 ;', 'FIG. 49 is a bottom view of the game piece of FIG. 43 ;', 'FIG. 50 is a top perspective view of a game piece, shown separately for clarity of illustration;', 'FIG. 51 is a front elevational view of the game piece of FIG. 50 ;', 'FIG. 52 is a rear elevational view of the game piece of FIG. 50 ;', 'FIG. 53 is a right side view of the game piece of FIG. 50 ;', 'FIG. 54 is a left side view of the game piece of FIG. 50 ;', 'FIG. 55 is a top view of the game piece of FIG. 50 ;', 'FIG. 56 is a bottom view of the game piece of FIG. 50 ;', 'FIG. 57 is a top perspective view of a game piece, shown separately for clarity of illustration;', 'FIG. 58 is a front elevational view of the game piece of FIG. 57 ;', 'FIG. 59 is a rear elevational view of the game piece of FIG. 57 ;', 'FIG. 60 is a right side view of the game piece of FIG. 57 ;', 'FIG. 61 is a left side view of the game piece of FIG. 57 ;', 'FIG. 62 is a top view of the game piece of FIG. 57 ;', 'FIG. 63 is a bottom view of the game piece of FIG. 57 ;', 'FIG. 64 is a top perspective view of a game piece, shown separately for clarity of illustration;', 'FIG. 65 is a front elevational view of the game piece of FIG. 64 ;', 'FIG. 66 is a rear elevational view of the game piece of FIG. 64 ;', 'FIG. 67 is a right side view of the game piece of FIG. 64 ;', 'FIG. 68 is a left side view of the game piece of FIG. 64 ;', 'FIG. 69 is a top view of the game piece of FIG. 64 ;', 'FIG. 70 is a bottom view of the game piece of FIG. 64 ;', 'FIG. 71 is a top perspective view of a game piece, shown separately for clarity of illustration;', 'FIG. 72 is a front elevational view of the game piece of FIG. 71 ;', 'FIG. 73 is a rear elevational view of the game piece of FIG. 71 ;', 'FIG. 74 is a right side view of the game piece of FIG. 71 ;', 'FIG. 75 is a left side view of the game piece of FIG. 71 ;', 'FIG. 76 is a top view of the game piece of FIG. 71 ;', 'FIG. 77 is a bottom view of the game piece of FIG. 71 ;', 'FIG. 78 is a top perspective view of a game piece, shown separately for clarity of illustration;', 'FIG. 79 is a front elevational view of the game piece of FIG. 78 ;', 'FIG. 80 is a rear elevational view of the game piece of FIG. 78 ;', 'FIG. 81 is a right side view of the game piece of FIG. 78 ;', 'FIG. 82 is a left side view of the game piece of FIG. 78 ;', 'FIG. 83 is a top view of the game piece of FIG. 78 ;', 'FIG. 84 is a bottom view of the game piece of FIG. 78 ;', 'FIG. 85 is a top perspective view of a game piece, shown separately for clarity of illustration;', 'FIG. 86 is a front elevational view of the game piece of FIG. 85 ;', 'FIG. 87 is a rear elevational view of the game piece of FIG. 85 ;', 'FIG. 88 is a right side view of the game piece of FIG. 85 ;', 'FIG. 89 is a left side view of the game piece of FIG. 85 ;', 'FIG. 90 is a top view of the game piece of FIG. 85 ;', 'FIG. 91 is a bottom view of the game piece of FIG. 85 ;', 'FIG. 92 is a top perspective view of the game housing component of FIG. 1 , shown in a closed configuration; and,', 'FIG. 93 is a top perspective view of the game housing and game pieces of the present design, shown in an open configuration.']"," The image is a square, and it serves as a housing for game pieces. The housing is designed to hold and organize the game pieces, making it easier for players to access and use them during gameplay."
Women's garment top,D0908315,"The ornamental design for a women's garment top, as shown and described.",20210126,D 2731,"['0201', 'D 2731', 'D 2700', '  2102', 'D 2700', 'D 2700', 'D 2703', 'D 2703', 'D 2703', '  2 69', 'D 2717', 'D 2731', '  2 69', 'D 2736', 'D 2731', 'D 2731', 'D 2700', 'D 2731', '  2 69', '450 31', '  2 69', '224160', 'D 2700', 'D 2701', 'D 2702', 'D 2703', 'D 2705', 'D 2718', 'D 2721', 'D 2723', 'D 2728', 'D 2731', 'D 2828', 'D 2829', 'D 2830', 'D 2840', 'D 2841', 'D 2845', 'D 2846', 'D 2847', 'D 2850']",US,4,4,"['USD0908315-20210126-D00000.TIF', 'USD0908315-20210126-D00001.TIF', 'USD0908315-20210126-D00002.TIF', 'USD0908315-20210126-D00003.TIF', 'USD0908315-20210126-D00004.TIF']","[""FIG. 1 is a front view of a women's garment top laid flat according to the first embodiment."", ""FIG. 2 is a rear view of the women's garment top laid flat according to the first embodiment."", ""FIG. 3 is a front view of the women's garment top laid flat according to a second embodiment; and,"", ""FIG. 4 is a rear view of the women's garment top laid flat according to a second embodiment.""]"," The image is a square, and it serves the purpose of showcasing the design and style of a women's garment top."
Display screen or portion thereof with graphical user interface,D0937858,"The ornamental design for a display screen or portion thereof with graphical user interface, as shown and described.",20211207,D14486,"['1404', 'D14486', '345536', 'D14486', 'D14486', 'D14489', 'D14486', 'D14486', 'D14488', 'D14488', 'D14487', 'D14487', 'D14486', 'D14486', 'D14486', 'D14486', 'D14486', 'D14487', 'D14486', 'D14486', 'D14491', 'D14486', 'D14485', 'D14485', 'D14488', 'D14485', 'D14485', 'D14485', 'D14485', 'D14485- 95']","US,US,US,US,US",1,1,"['USD0937858-20211207-D00000.TIF', 'USD0937858-20211207-D00001.TIF']",['The FIGURE is a front view of a display screen or portion thereof with graphical user interface showing the claimed design.']," The image is a square, and it displays a graphical user interface with icons and text. The functionality of the image is to showcase the layout and design of the user interface, which may include various icons, buttons, and text elements that users interact with to navigate and perform tasks on a device or software."
Display screen with an animated graphical user interface,D0913313,"The ornamental design for an animated graphical user interface for a display screen, as shown and described.",20210316,"D14487,D14490","['1404', 'D14487', 'D14487', 'D14487', 'D14487', 'D14487', 'D14487', 'D14487', 'D14487', 'D14487', 'D14487', 'D14487', 'D14488', 'D14487', 'D14486', 'D14485', 'D14487', 'D14485', 'D14487', '345  11', '345  12', '345  21-  23', '345  31', '345902', '715763', '715810', '715836', '715837', '715846', '715847', '715977', 'D14485-495']",US,2,2,"['USD0913313-20210316-D00000.TIF', 'USD0913313-20210316-D00001.TIF', 'USD0913313-20210316-D00002.TIF']","['FIG. 1 is a front view of a first image in a sequence for a display screen with an animated graphical user interface showing the claimed design; and,', 'FIG. 2 is a front view of a second image thereof.']"," The image is square-shaped and features an animated graphical user interface on a cell phone screen. The image is likely used for demonstration or educational purposes, showcasing the design and functionality of the user interface."
Golf club head,D0930095,"The ornamental design for a golf club head, as shown and described.",20210907,D21743,"['2102', 'D21743', '473341', 'D21736', 'D21721', 'D21743', 'D21744', 'D21744', 'D21746', 'D21746', 'D21743', 'D21736', 'D21743', 'D21744', 'D21743', 'D21743', 'D21736', 'D21743', 'D21736', 'D21743', 'D21743', 'D21744', 'D21743', 'D21736', 'D21744', 'D21736', 'D21743', 'D21736', 'D21736', 'D21743', 'D21743', 'D21743', 'D21736', 'D21743', 'D21736-746', 'D21759']","US,US,US",16,14,"['USD0930095-20210907-D00000.TIF', 'USD0930095-20210907-D00001.TIF', 'USD0930095-20210907-D00002.TIF', 'USD0930095-20210907-D00003.TIF', 'USD0930095-20210907-D00004.TIF', 'USD0930095-20210907-D00005.TIF', 'USD0930095-20210907-D00006.TIF', 'USD0930095-20210907-D00007.TIF', 'USD0930095-20210907-D00008.TIF', 'USD0930095-20210907-D00009.TIF', 'USD0930095-20210907-D00010.TIF', 'USD0930095-20210907-D00011.TIF', 'USD0930095-20210907-D00012.TIF', 'USD0930095-20210907-D00013.TIF', 'USD0930095-20210907-D00014.TIF']","['FIG. 1 is a top perspective view of a golf club head;', 'FIG. 2 is a bottom perspective view of the golf club head of FIG. 1 ;', 'FIG. 3 is a top view of the golf club head of FIG. 1 ;', 'FIG. 4 is a bottom view of the golf club head of FIG. 1 ;', 'FIG. 5 is a front view of the golf club head of FIG. 1 ;', 'FIG. 6 is a rear view of the golf club head of FIG. 1 ;', 'FIG. 7 is a heel side view of the golf club head of FIG. 1 ;', 'FIG. 8 is a toe side view of the golf club head of FIG. 1 ;', 'FIG. 9 is a top perspective view of a second embodiment of a golf club head;', 'FIG. 10 is a bottom perspective view of the golf club head of FIG. 9 ;', 'FIG. 11 is a top view of the golf club head of FIG. 9 ;', 'FIG. 12 is a bottom view of the golf club head of FIG. 9 ;', 'FIG. 13 is a front view of the golf club head of FIG. 9 ;', 'FIG. 14 is a rear view of the golf club head of FIG. 9 ;', 'FIG. 15 is a heel side view of the golf club head of FIG. 9 ; and,', 'FIG. 16 is a toe side view of the golf club head of FIG. 9 .']"," The image is a white outline of a golf club head, specifically a driver. The purpose of the image is to showcase the shape and design of the golf club head, which is used for hitting golf balls during a game. The outline highlights the key features of the club head, such as the driver's head, the shaft, and the grip, allowing viewers to understand its structure and function."
Napkin with pattern,D0915080,"The ornamental design for a napkin with pattern, as shown and described.",20210406,"D 5 32, D5 57","['0505', 'D 5 32', 'D 5 57', 'D 6600', 'D 5 60', '428 17', 'D 5 11', '427  4', 'D 5 32', 'D 5 32', 'D 5 32', 'D 5 57', 'D 5 32', 'D 5 32', '4281951', 'D 5  4', 'D 5  7', 'D 5 11', 'D 5 18', 'D 5 21', 'D 5 26', 'D 5 29', 'D 5 30', 'D 5 32', 'D 5 35', 'D 5 36', 'D 5 37', 'D 5 40', 'D 5 41', 'D 5 43', 'D 5 47', 'D 5 48', 'D 5 52', 'D 5 53', 'D 5 55', 'D 5 56', 'D 5 57', 'D 5 58', 'D 5 59', 'D 5 60', 'D 5 61', 'D 5 62', 'D 5 63', 'D 5 64', 'D 5 65', 'D 5 66', 'D 5 99', 'D 6582', 'D 6588', 'D 6589', 'D 6597', 'D 6608', 'D 6617', 'D 6619', 'D 6602', 'D 6612', 'D 6616', 'D 6622', 'D 6625', 'D19  1', 'D25138', 'D32 57']","SE,SE,US",2,2,"['USD0915080-20210406-D00000.TIF', 'USD0915080-20210406-D00001.TIF', 'USD0915080-20210406-D00002.TIF']","['FIG. 1 is a front view of a napkin with pattern showing our new design; and,', 'FIG. 2 is a front view thereof in a folded configuration.']"," The image is a square-shaped patterned napkin. The functionality of the image is to serve as a decorative and practical item, providing a visually appealing design while also being useful for wiping hands or surfaces."
Vehicle front lower fascia,D0930528,"The ornamental design for a vehicle front lower fascia, as shown and described.",20210914,D12169,"['1216', 'D12169', 'D12169', 'D12169', 'D12169', 'D12169', 'D12169', 'D12169', 'D12169', 'D12169', 'D12169', 'D12169', 'D12169', 'D12169', 'D12 86', 'D12 90', 'D12 91', 'D12 92', 'D12 93', 'D12163', 'D12164', 'D12166', 'D12167', 'D12169', 'D12171', 'D12172', 'D12173', 'D12190', 'D12196', 'D12216', 'D 3318']","US,US",7,7,"['USD0930528-20210914-D00000.TIF', 'USD0930528-20210914-D00001.TIF', 'USD0930528-20210914-D00002.TIF', 'USD0930528-20210914-D00003.TIF', 'USD0930528-20210914-D00004.TIF', 'USD0930528-20210914-D00005.TIF', 'USD0930528-20210914-D00006.TIF', 'USD0930528-20210914-D00007.TIF']","['FIG. 1 is a front and left perspective view of a vehicle front lower fascia showing our new design;', 'FIG. 2 is a front elevation view of the vehicle front lower fascia of FIG. 1 ;', 'FIG. 3 is a left elevation view thereof;', 'FIG. 4 is a right elevation view thereof;', 'FIG. 5 is a top view thereof;', 'FIG. 6 is a back elevation view thereof; and,', 'FIG. 7 is a bottom view thereof.']"," The image is a white outline of a vehicle front lower fascia, which is a part of the car's body that covers the lower part of the front bumper. The image is a drawing or a sketch, and its functionality is to provide a visual representation of the car's lower front section. This can be useful for design purposes, such as creating a concept car or showcasing the car's aesthetic features."
Fan and light mounting system,D0933283,"The ornamental design for a fan and light mounting system, as shown and described.",20211012,D26142,"['2605', 'D26142', 'D 8380', 'D26138', '248558', 'D26 92', 'D26155', '362147', 'D26155', 'D26138', 'D26138', 'D26142', 'D26 81', 'D26142', 'D26138', 'D26138', 'D26 63', 'D26 72', 'D26 80', 'D26 81- 92', 'D26142', 'D26143', 'D26144']","US,US,US,US",7,4,"['USD0933283-20211012-D00000.TIF', 'USD0933283-20211012-D00001.TIF', 'USD0933283-20211012-D00002.TIF', 'USD0933283-20211012-D00003.TIF', 'USD0933283-20211012-D00004.TIF']","['FIG. 1 is a front, right perspective view of a fan and light mounting system.', 'FIG. 2 is a front view of the fan and light mounting system of FIG. 1 .', 'FIG. 3 is a rear view of the fan and light mounting system of FIG. 1 .', 'FIG. 4 is left side view of the fan and light mounting system of FIG. 1 .', 'FIG. 5 is a right side view of the fan and light mounting system of FIG. 1 .', 'FIG. 6 is a top view of the fan and light mounting system of FIG. 1 ; and,', 'FIG. 7 is a bottom view of the fan and light mounting system of FIG. 1 .']"," The image is a drawing of a fan and light mounting system, which is designed to securely hold a fan and a light fixture in place. The image features a metal bracket with a curved shape, which is intended to provide stability and support for the fan and light fixture. The drawing is in black and white, which emphasizes the structural elements of the mounting system. The functionality of the image is to provide a visual representation of the design and construction of the fan and light mounting system, allowing viewers to understand its purpose and how it works."
Attendance machine,D0919622,"The ornamental design for an attendance machine, as shown and described.",20210518,"D14385,D18  46","['1402', 'D14385', 'D14385', 'D14385', 'D14385', 'D18  46', 'D10 97', 'D10 98', 'D14383-386', 'D18  46']",CN,8,8,"['USD0919622-20210518-D00000.TIF', 'USD0919622-20210518-D00001.TIF', 'USD0919622-20210518-D00002.TIF', 'USD0919622-20210518-D00003.TIF', 'USD0919622-20210518-D00004.TIF', 'USD0919622-20210518-D00005.TIF', 'USD0919622-20210518-D00006.TIF', 'USD0919622-20210518-D00007.TIF', 'USD0919622-20210518-D00008.TIF']","['FIG. 1 is a first perspective view of an attendance machine showing my new design;', 'FIG. 2 is a second perspective view thereof;', 'FIG. 3 is a front view thereof;', 'FIG. 4 is a back view thereof;', 'FIG. 5 is a left side view thereof;', 'FIG. 6 is a right side view thereof;', 'FIG. 7 is a top view thereof; and,', 'FIG. 8 is a bottom view thereof.']"," The image is a rectangle shape, and it is a drawing of an attendance machine. The functionality of the image is to represent the attendance machine in a visual format, which can be used for various purposes such as designing, explaining, or illustrating the concept of an attendance machine."
Electronic device with animated graphical user interface,D0910058,"The ornamental design for an electronic device with, animated graphical user interface, as shown and described.",20210209,"D14486,D14492","['1404', 'D14486', '704275', 'D14489', 'D14489', 'D14486', 'D14489', 'D14487', 'D14489', 'D14485-495']","US,US,US",9,9,"['USD0910058-20210209-D00000.TIF', 'USD0910058-20210209-D00001.TIF', 'USD0910058-20210209-D00002.TIF', 'USD0910058-20210209-D00003.TIF', 'USD0910058-20210209-D00004.TIF', 'USD0910058-20210209-D00005.TIF', 'USD0910058-20210209-D00006.TIF', 'USD0910058-20210209-D00007.TIF', 'USD0910058-20210209-D00008.TIF', 'USD0910058-20210209-D00009.TIF']","['The file of this patent contains at least one drawing/photograph executed in color. Copies of this patent with color drawing(s)/photograph(s) will be provided by the Office upon request and payment of the necessary fee.', 'FIG. 1 is a front view of a display screen or portion thereof with animated graphical user interface showing a first image of the claimed design;', 'FIG. 2 is a second image thereof;', 'FIG. 3 is a third image thereof;', 'FIG. 4 is a fourth image thereof;', 'FIG. 5 is another embodiment of a display screen or portion thereof with animated graphical user interface showing a first image of the claimed design;', 'FIG. 6 is a second image thereof;', 'FIG. 7 is a third image thereof;', 'FIG. 8 is a fourth image thereof; and,']"," The image is a square shape, and it features an animated graphical user interface (GUI) on an electronic device. The GUI includes a clock, which is a part of the time limit functionality. The purpose of this image is to showcase the device's interface and its ability to display time-related information, such as a countdown timer or a time limit for a specific task or activity."
Clip on plug,D0913943,"I claim the ornamental design for a clip on plug, as shown and described.",20210323,D13133,"['1303', 'D13133', 'D13133', 'D14483', 'D13145', 'D13145', 'D13133', 'D13133', 'D24110', 'D13133', 'D13133', 'D13133', 'D13147', 'D13146', 'D13133', 'D24129', '439638', 'D13110-118', 'D13122', 'D13133', 'D13146', 'D13147', 'D13153', 'D13154', 'D13184', 'D13199']",CA,8,8,"['USD0913943-20210323-D00000.TIF', 'USD0913943-20210323-D00001.TIF', 'USD0913943-20210323-D00002.TIF', 'USD0913943-20210323-D00003.TIF', 'USD0913943-20210323-D00004.TIF', 'USD0913943-20210323-D00005.TIF', 'USD0913943-20210323-D00006.TIF', 'USD0913943-20210323-D00007.TIF', 'USD0913943-20210323-D00008.TIF']","['FIG. 1 is a front perspective view of a clip on plug, showing my new design;', 'FIG. 2 is a front elevational view thereof;', 'FIG. 3 is a rear elevational view thereof;', 'FIG. 4 is a left-side elevation view thereof;', 'FIG. 5 is a right-side elevation view thereof;', 'FIG. 6 is a top plan view thereof;', 'FIG. 7 is a bottom plan view thereof; and,', 'FIG. 8 is a rear perspective view thereof.']"," The image is a black and white drawing of a clip on plug. The shape of the image is a combination of a clip and a plug, with the clip being attached to the plug. The functionality of the image is to represent a simple and practical solution for securing a cord or cable to a surface, preventing it from being accidentally pulled or disconnected."
Shaving blade cartridge,D0907292,"The ornamental design for a shaving blade cartridge, as shown and described.",20210105,D28 47,"['2803', 'D28 47', 'D28 47', 'D28 47', 'D28 47', 'D28 47', 'D28 47', 'D28 47', ' 30 50', 'D28 46- 48']","GR,GR",8,8,"['USD0907292-20210105-D00000.TIF', 'USD0907292-20210105-D00001.TIF', 'USD0907292-20210105-D00002.TIF', 'USD0907292-20210105-D00003.TIF', 'USD0907292-20210105-D00004.TIF', 'USD0907292-20210105-D00005.TIF', 'USD0907292-20210105-D00006.TIF', 'USD0907292-20210105-D00007.TIF', 'USD0907292-20210105-D00008.TIF']","['FIG. 1 is a front perspective view of an ornamental design for an embodiment of a shaving blade cartridge according to the present invention;', 'FIG. 2 is a bottom view thereof;', 'FIG. 3 is a top view perspective view thereof;', 'FIG. 4 is a left side view thereof;', 'FIG. 5 is a right side view thereof;', 'FIG. 6 is a back view thereof;', 'FIG. 7 is a front view thereof; and,', 'FIG. 8 is a back perspective view thereof.']"," The image is a black and white drawing of a shaving blade cartridge. The shape of the image is a long, thin, and curved form, resembling a shaving blade. The functionality of the image is to showcase the design and structure of a shaving blade cartridge, which is used in shaving devices to remove facial hair."
Computing device,D0928144,"The ornamental design for a computing device, as shown and described.",20210817,D14341,"['1402', 'D14341', 'D14138 G', 'D14138 G', 'D14248', 'D14138 G', 'D14341', 'D20 43', 'D14341', 'D14248', 'D14341', 'D14341', 'D14341', 'D14341', 'D14341', 'D14341-347', 'D14137', 'D14138 R', 'D14138 AA', 'D14138 C', 'D14138 G', 'D14496', 'D142031', 'D142033', 'D142034', 'D142037', 'D14129', 'D14130', 'D14147', 'D14218', 'D14248', 'D14389', 'D14388', 'D14426', 'D14420', 'D10 65', 'D101041', 'D18  6', 'D18  7', 'D21324', 'D21329', 'D21330', '4555561', '4555562', '455566', '4555751', '455 903', '37943304', '37943301', '37943306', '379916', '345173', '345901', '345905', '36167926', '3616793', '36167955', '36167956']","US,US,US,US",7,5,"['USD0928144-20210817-D00000.TIF', 'USD0928144-20210817-D00001.TIF', 'USD0928144-20210817-D00002.TIF', 'USD0928144-20210817-D00003.TIF', 'USD0928144-20210817-D00004.TIF', 'USD0928144-20210817-D00005.TIF']","['FIG. 1 is a perspective view illustrating a computing device according to our new design;', 'FIG. 2 is a front view thereof;', 'FIG. 3 is a back view thereof;', 'FIG. 4 is a side view thereof;', 'FIG. 5 is another side view thereof;', 'FIG. 6 is a top plan view thereof; and,', 'FIG. 7 is a bottom plan view thereof.']"," The image is a rectangle shape, and it is a black and white drawing of a computing device. The image is a schematic representation of a computer, which can be used to understand the internal structure and components of the device."
Coupling segment,D0927652,"We claim the ornamental design for a coupling segment, as shown and described.",20210810,D23262,"['2301', 'D23262', '277621', '285112', ' 72105', 'D23262', 'D23262', 'D23262', 'D23262', 'D23262', 'D23262', 'D23262', 'D23262', 'D23262', 'D23262', 'D23262', '285367', 'D23262', 'D23262', 'D23262', 'D23262', 'D23262', 'D23262', 'D23262', 'D23262', 'D23262', 'D23262', 'D23262', 'D 8396', 'D23262', 'D23262', 'D 8396', 'D 8396', 'D23262', 'D 8396', 'D 8394', 'D 8396', 'D 8395', 'D23262', 'D23262', 'D23262', 'D23262', '285309', 'D23262', 'D23265', 'D 8349', 'D 8354', 'D 8382', 'D 8394', 'D 8396']","US,US,US",6,6,"['USD0927652-20210810-D00000.TIF', 'USD0927652-20210810-D00001.TIF', 'USD0927652-20210810-D00002.TIF', 'USD0927652-20210810-D00003.TIF', 'USD0927652-20210810-D00004.TIF', 'USD0927652-20210810-D00005.TIF', 'USD0927652-20210810-D00006.TIF']","['FIG. 1 is an isometric view of our design for a coupling segment;', 'FIG. 2 is a front view of the design of the coupling segment shown in FIG. 1 ;', 'FIG. 3 is a rear view of the design of the coupling segment shown in FIG. 1 ;', 'FIG. 4 is a right side view of the design of the coupling segment shown in FIG. 1 , the left view being a mirror image thereof;', 'FIG. 5 is a top view of the design of the coupling segment shown in FIG. 1 ; and,', 'FIG. 6 is a bottom view of the design of the coupling segment shown in FIG. 1 .']"," The image is a drawing of a curved metal piece, which is a part of a larger structure. The curved shape of the metal piece suggests that it is designed to be flexible and adaptable, allowing it to bend and conform to different shapes and angles. The functionality of the image is to showcase the design and shape of the metal piece, which can be used in various applications, such as construction, engineering, or manufacturing."
Shoe,D0938702,"The ornamental design for a shoe, as shown and described.",20211221,"D 2947, D2953","['0204', 'D 2947', 'D 2947', 'D 2947', 'D 2896', 'D 2902', 'D 2904', 'D 2906-908', 'D 2946', 'D 2947', 'D 2949', 'D 2951', 'D 2953', 'D 2954', 'D 2955', 'D 2956', 'D 2960', 'D 2964', 'D 2967', 'D 2968', 'D 2972', 'D 2977']",US,6,6,"['USD0938702-20211221-D00000.TIF', 'USD0938702-20211221-D00001.TIF', 'USD0938702-20211221-D00002.TIF', 'USD0938702-20211221-D00003.TIF', 'USD0938702-20211221-D00004.TIF', 'USD0938702-20211221-D00005.TIF', 'USD0938702-20211221-D00006.TIF']","['FIG. 1 is a front perspective view of a shoe showing my new design;', 'FIG. 2 is a side view thereof;', 'FIG. 3 is a rear perspective view thereof;', 'FIG. 4 is an opposite side front perspective view thereof;', 'FIG. 5 is an opposite side view thereof; and,', 'FIG. 6 is an opposite side rear perspective view thereof.']"," The image is a black and white drawing of a shoe, specifically a high-heeled shoe. The shoe is depicted in a side view, showing its shape and design. The image serves as an artistic representation of the shoe, possibly for fashion or design purposes."
